ImageName,DeltaE00_Orig,MSE_Orig,MAE_Orig,DeltaE76_Orig,DeltaE00_Mod,MSE_Mod,MAE_Mod,DeltaE76_Mod,DynamicK,Time_Orig,Time_Mod
1000_AS.JPG,NaN,NaN,NaN,NaN,5.21898791985506,35.8545562797484,2.92551852421315,4.94014632699396,25,NaN,0.3193822
1002_F.JPG,NaN,NaN,NaN,NaN,3.74022588367447,29.7022916399093,1.48643271228369,3.25689140559422,25,NaN,0.2609467
1005_AS.JPG,NaN,NaN,NaN,NaN,1.89394039533101,5.59018238296747,1.07241316532205,2.1990562401047,25,NaN,0.2567249
1007_F.JPG,NaN,NaN,NaN,NaN,3.80915101364955,65.6250881500965,2.87926495644583,4.25125827900918,25,NaN,0.2376111
100_AS.JPG,NaN,NaN,NaN,NaN,7.27581277173418,339.768987303999,7.00539732671002,12.83432920156,25,NaN,0.1838845
1011_F.JPG,NaN,NaN,NaN,NaN,2.91803714809018,20.8798666373191,2.37535475827478,4.26842490815845,25,NaN,0.2471546
1014_AS.JPG,NaN,NaN,NaN,NaN,1.84633862428385,4.98043390139317,1.15802951677682,1.83246378438986,25,NaN,0.2526061
1016_F.JPG,NaN,NaN,NaN,NaN,5.33427888976063,67.2766616740807,3.4534585498626,7.16375119396883,25,NaN,0.2524103
1019_AS.JPG,NaN,NaN,NaN,NaN,9.18882808086014,171.469845624532,6.0574733403431,11.9475683798223,25,NaN,0.2560217
1020_F.JPG,NaN,NaN,NaN,NaN,3.95152492026657,14.3861778738841,2.42338055114478,4.81465564765907,25,NaN,0.250283
1023_AS.JPG,NaN,NaN,NaN,NaN,1.13601242987476,3.62724385861799,0.580447941744201,1.19093116521682,23,NaN,0.2471079
1025_F.JPG,NaN,NaN,NaN,NaN,11.2642668208366,185.118555374494,9.21202929181983,13.8115410167002,25,NaN,0.2487379
1028_AS.JPG,NaN,NaN,NaN,NaN,2.99653569766724,15.3689150173388,1.9966016161969,3.57050120041439,25,NaN,0.2509628
102_F.JPG,NaN,NaN,NaN,NaN,3.79030785877335,21.0288879265522,1.40511856634295,4.24505214900922,25,NaN,0.2611794
1032_AS.JPG,NaN,NaN,NaN,NaN,1.8734870368683,7.60696348759739,0.888644752456549,2.26422524256327,25,NaN,0.2485286
1034_F.JPG,NaN,NaN,NaN,NaN,2.98761521393091,21.904427868274,2.45591974327396,3.8537612745258,25,NaN,0.2482702
1037_AS.JPG,NaN,NaN,NaN,NaN,4.45311842764758,42.9180291237892,3.58065317590694,5.52307373962869,25,NaN,0.243854
1039_F.JPG,NaN,NaN,NaN,NaN,3.65188374374676,35.6424417230581,2.58768183781606,5.34740524717323,25,NaN,0.2438916
1041_AS.JPG,NaN,NaN,NaN,NaN,3.73047316319072,24.4954505717283,2.48549173931529,3.83675572963073,25,NaN,0.2498609
1043_F.JPG,NaN,NaN,NaN,NaN,2.94434858581603,19.0240990546872,1.74971200129379,2.89743654253422,25,NaN,0.2550181
1046_AS.JPG,NaN,NaN,NaN,NaN,2.40778379252319,10.7223538140762,1.78172683150957,3.01990008294164,25,NaN,0.2516008
1048_F.JPG,NaN,NaN,NaN,NaN,4.77049973959062,50.9413852587734,3.05256138831596,5.12647437135262,25,NaN,0.2498216
1050_AS.JPG,NaN,NaN,NaN,NaN,2.16736470771943,9.96972554464465,1.35375764843463,2.57007631155156,25,NaN,0.2431698
1052_F.JPG,NaN,NaN,NaN,NaN,4.96198309366344,65.9541060875967,3.40487155721333,5.77351502434956,25,NaN,0.2489932
1055_AS.JPG,NaN,NaN,NaN,NaN,15.987405635802,1405.22260232931,14.1071327005454,30.0104043402845,23,NaN,0.2373483
1057_F.JPG,NaN,NaN,NaN,NaN,4.01054278430352,35.071035250967,2.65501622237044,3.90102825599166,25,NaN,0.2486548
105_AS.JPG,NaN,NaN,NaN,NaN,4.05876229720511,21.1879319474093,2.53716932874266,4.24431694373587,25,NaN,0.2475477
1061_F.JPG,NaN,NaN,NaN,NaN,3.56081415063213,24.4281332614605,2.89418125089514,3.87525314567348,25,NaN,0.2485259
1064_AS.JPG,NaN,NaN,NaN,NaN,2.01742874158863,8.40566423753568,1.75728256824968,2.46420022336682,25,NaN,0.2466942
1066_F.JPG,NaN,NaN,NaN,NaN,5.60335055816877,81.5888674723876,2.62554515388231,7.24866510904588,25,NaN,0.2487591
1069_AS.JPG,NaN,NaN,NaN,NaN,3.95153497724707,28.2370166903882,3.38234404120699,4.84052201116715,25,NaN,0.2456954
1070_F.JPG,NaN,NaN,NaN,NaN,2.16843251497127,10.8649390123083,0.876894346216656,2.13115473619966,25,NaN,0.2457197
1073_AS.JPG,NaN,NaN,NaN,NaN,2.53436539524143,10.7382310967281,1.77315705568263,2.98215603267639,25,NaN,0.2489286
1075_F.JPG,NaN,NaN,NaN,NaN,6.73981736042647,118.361157808845,4.50846584510473,7.66369937509476,24,NaN,0.2509442
1078_AS.JPG,NaN,NaN,NaN,NaN,5.43034660697731,71.4309497674556,5.85059036143277,8.34969577237694,25,NaN,0.2464904
107_F.JPG,NaN,NaN,NaN,NaN,4.36979348910117,78.4269978738937,3.38945383682755,5.82564503508349,25,NaN,0.2450587
1082_AS.JPG,NaN,NaN,NaN,NaN,2.3994484971057,12.2855155963005,1.44437952637953,2.73117303457163,25,NaN,0.2557543
1084_F.JPG,NaN,NaN,NaN,NaN,4.32274664855709,36.2642755410876,2.0771356820327,4.67691854602933,25,NaN,0.2582668
1087_AS.JPG,NaN,NaN,NaN,NaN,6.98750998540755,73.7476560549149,3.84920376797958,8.07660796749766,25,NaN,0.2496347
1089_F.JPG,NaN,NaN,NaN,NaN,8.74853719071233,170.35501439765,6.67307443240282,11.5500509355483,25,NaN,0.2496467
1091_AS.JPG,NaN,NaN,NaN,NaN,2.27545832383559,9.81211675298254,1.38731594579656,2.17493423006164,25,NaN,0.2549526
1093_F.JPG,NaN,NaN,NaN,NaN,10.5717123054922,171.578870045869,5.64435467832667,13.3607204044451,22,NaN,0.2485229
1096_AS.JPG,NaN,NaN,NaN,NaN,1.69263362693488,4.09124973322212,1.42635091521021,1.65248239064447,25,NaN,0.2483016
1098_F.JPG,NaN,NaN,NaN,NaN,3.91002578829349,37.3022312896198,1.73423405473294,3.60912925130643,25,NaN,0.2505772
10_AS.JPG,NaN,NaN,NaN,NaN,8.91460771279234,106.450887325914,5.3837149777628,10.4589214373441,25,NaN,0.2526199
1101_F.JPG,NaN,NaN,NaN,NaN,4.18476126658662,32.4707575632425,4.06262632859976,4.78525436402985,25,NaN,0.2494444
1104_AS.JPG,NaN,NaN,NaN,NaN,2.14695270041713,5.15786613981119,1.33634962149269,2.17215068461688,25,NaN,0.2486603
1106_F.JPG,NaN,NaN,NaN,NaN,3.411215467109,24.2738747702846,1.87263592603611,3.13444430578692,25,NaN,0.2504904
1109_AS.JPG,NaN,NaN,NaN,NaN,1.54097722553166,4.11778667223061,0.838266336847559,1.42429507704224,25,NaN,0.2527631
1110_F.JPG,NaN,NaN,NaN,NaN,7.74357409892558,238.956253201931,8.12173874023716,11.5838821965074,25,NaN,0.2454851
1113_AS.JPG,NaN,NaN,NaN,NaN,2.19757698137727,9.35461954251234,1.51276303007315,2.42462396656248,25,NaN,0.2469156
1115_F.JPG,NaN,NaN,NaN,NaN,8.18848321738336,135.91352004045,8.5085671780517,10.444246012551,25,NaN,0.2510865
1118_AS.JPG,NaN,NaN,NaN,NaN,4.64855563605284,36.8822701448932,4.16014647226072,5.57902020760313,25,NaN,0.2528657
111_F.JPG,NaN,NaN,NaN,NaN,4.63368208288096,42.984396776416,3.21985405238668,4.90276297086674,23,NaN,0.2510514
1122_AS.JPG,NaN,NaN,NaN,NaN,3.17343094618572,23.4890345338298,2.113936814821,4.51358674365375,25,NaN,0.2470806
1124_F.JPG,NaN,NaN,NaN,NaN,7.5477221114575,142.300694840003,7.47993246163326,10.0469065284294,25,NaN,0.2564146
1127_AS.JPG,NaN,NaN,NaN,NaN,1.34395481313501,4.61757301119775,1.25860211431918,1.63691326823583,25,NaN,0.2504962
1129_F.JPG,NaN,NaN,NaN,NaN,3.60892761692115,24.7347528383496,1.97319337596375,3.79139849647778,25,NaN,0.251976
1131_AS.JPG,NaN,NaN,NaN,NaN,4.12167672344549,12.9863543411864,1.41375506953359,3.43047144611962,25,NaN,0.2446058
1133_F.JPG,NaN,NaN,NaN,NaN,3.58981649940192,27.8495921819638,1.62622703823193,3.30437365806208,23,NaN,0.2554514
1136_AS.JPG,NaN,NaN,NaN,NaN,9.77946077540174,211.570890820883,8.01163057737175,14.2242064053858,25,NaN,0.2485035
1138_F.JPG,NaN,NaN,NaN,NaN,6.74598248419214,76.7583667989376,5.15864978738951,7.92123839425196,25,NaN,0.2409368
1140_AS.JPG,NaN,NaN,NaN,NaN,8.48898951181593,214.354456252963,7.60639711352695,13.8861743461461,25,NaN,0.2505531
1142_F.JPG,NaN,NaN,NaN,NaN,2.66309874548603,29.1802115029371,1.93282235639386,3.90762734941506,25,NaN,0.2495917
1145_AS.JPG,NaN,NaN,NaN,NaN,6.05561817840937,136.006259432717,4.4111669783088,8.93504949890672,18,NaN,0.1919131
1147_F.JPG,NaN,NaN,NaN,NaN,5.94902467973951,57.0475664366448,3.38249073082213,6.79114112348112,25,NaN,0.2498517
114_AS.JPG,NaN,NaN,NaN,NaN,5.69629474910224,46.1849215947564,4.39962279440281,7.4272628880201,25,NaN,0.2456548
1151_F.JPG,NaN,NaN,NaN,NaN,7.66855592844564,117.741560866657,6.44065131854989,10.2676997022807,25,NaN,0.2621895
1154_AS.JPG,NaN,NaN,NaN,NaN,2.2278883238073,7.87601548672461,1.31091796004678,2.59694242376745,25,NaN,0.2507889
1156_F.JPG,NaN,NaN,NaN,NaN,4.75218011697635,55.8430305203446,3.203422481111,6.53461475532664,25,NaN,0.2515975
1159_AS.JPG,NaN,NaN,NaN,NaN,4.0509510059741,18.1087627760942,1.99335071282074,4.36967500500199,25,NaN,0.2507666
1160_F.JPG,NaN,NaN,NaN,NaN,6.32724469379618,64.7614836240158,3.67713915528483,8.87138151592272,25,NaN,0.2546935
1163_AS.JPG,NaN,NaN,NaN,NaN,3.46527990978212,25.5896562277536,3.11692276392716,4.6340697365087,25,NaN,0.2555392
1165_F.JPG,NaN,NaN,NaN,NaN,13.3447323061571,322.93660545855,8.19375375420981,14.6058006897842,25,NaN,0.243629
1168_AS.JPG,NaN,NaN,NaN,NaN,3.43280326404383,18.7643760453277,2.5182630261659,3.65177533947556,25,NaN,0.2508104
116_F.JPG,NaN,NaN,NaN,NaN,3.44701191422639,28.6854494210622,2.25498216472579,3.74816105804524,25,NaN,0.2467561
1172_AS.JPG,NaN,NaN,NaN,NaN,1.14115865926499,2.69915810391231,0.959080518057031,1.18060109356854,25,NaN,0.250605
1174_F.JPG,NaN,NaN,NaN,NaN,5.26844897889637,41.3771281951874,2.95743920678082,6.27802171304834,23,NaN,0.2467203
1177_AS.JPG,NaN,NaN,NaN,NaN,2.21453566091496,11.9482692023974,1.73077106382305,3.19818273382081,25,NaN,0.2493249
1179_F.JPG,NaN,NaN,NaN,NaN,4.47940856734135,46.2276982046266,1.99342847574616,4.58912957470301,25,NaN,0.2482053
1181_AS.JPG,NaN,NaN,NaN,NaN,15.1688979298499,431.397837320638,8.70892449603514,18.9324367265962,25,NaN,0.2472064
1183_F.JPG,NaN,NaN,NaN,NaN,6.2530098799519,75.8504587624657,5.06110687015048,7.99590897438621,25,NaN,0.2522694
1186_AS.JPG,NaN,NaN,NaN,NaN,5.82604136441435,54.737670564767,4.60384197122903,6.90068846626192,25,NaN,0.2604218
1188_F.JPG,NaN,NaN,NaN,NaN,7.32353064019723,150.863215400401,6.98929252797635,10.5167454696933,25,NaN,0.2474013
1190_AS.JPG,NaN,NaN,NaN,NaN,5.06335770599673,28.497294502251,2.64036051941717,5.9066359814778,23,NaN,0.2530094
1192_F.JPG,NaN,NaN,NaN,NaN,3.99142272913488,38.4825454453436,2.6037531463084,3.98156621611919,22,NaN,0.270833
1195_AS.JPG,NaN,NaN,NaN,NaN,3.46875286254892,23.2330285102598,2.97247827015939,3.79361118226859,25,NaN,0.2654632
1197_F.JPG,NaN,NaN,NaN,NaN,3.73311252988936,30.618454870254,1.96146754124336,3.86172436935138,25,NaN,0.2634321
119_AS.JPG,NaN,NaN,NaN,NaN,2.01546038524821,12.9223529546575,1.48875217684698,2.59872212372018,23,NaN,0.2472845
1200_F.JPG,NaN,NaN,NaN,NaN,3.44463816053608,10.426366678619,1.69228099624378,3.69832966899275,25,NaN,0.2646455
1203_AS.JPG,NaN,NaN,NaN,NaN,5.07483084679665,69.2933978979574,4.15373190723542,8.21898872595999,25,NaN,0.2549232
1205_F.JPG,NaN,NaN,NaN,NaN,16.2281741094881,1929.89717198734,20.0212351333676,30.4177227259428,NaN,NaN,0.2555024
1208_AS.JPG,NaN,NaN,NaN,NaN,2.80724878721574,12.4317538013759,2.27012784990965,3.1700775447143,25,NaN,0.2633173
120_F.JPG,NaN,NaN,NaN,NaN,1.8555261884873,8.77834207632688,1.13005330837762,1.97232946759952,25,NaN,0.2623241
1212_AS.JPG,NaN,NaN,NaN,NaN,3.11619393247092,18.1142501643638,1.87119079903773,3.21798434270798,25,NaN,0.26945
1214_F.JPG,NaN,NaN,NaN,NaN,6.50317907524639,110.317915203069,5.09416267708941,7.93058868551782,25,NaN,0.2504573
1217_AS.JPG,NaN,NaN,NaN,NaN,2.53986702243414,11.4679883252747,1.79751531037316,3.23255842778064,25,NaN,0.254751
1219_F.JPG,NaN,NaN,NaN,NaN,4.03669091529519,38.1150456040973,2.27146307274464,4.34201648907686,25,NaN,0.2539668
1221_AS.JPG,NaN,NaN,NaN,NaN,4.6267347126542,31.0418479602414,2.81199431272406,6.22804815082466,25,NaN,0.2450943
1223_F.JPG,NaN,NaN,NaN,NaN,5.17463545206739,66.232217791972,3.65253571705938,5.88241128114727,25,NaN,0.2627149
1226_AS.JPG,NaN,NaN,NaN,NaN,11.034971828902,177.647583434037,5.61603774226921,12.8015267038611,25,NaN,0.2567697
1228_F.JPG,NaN,NaN,NaN,NaN,6.48719105733607,72.8279481999714,4.74512401345307,8.51140480980276,25,NaN,0.2506985
1230_AS.JPG,NaN,NaN,NaN,NaN,4.45952916276506,32.7219990651435,2.68560687046121,5.28745278281199,21,NaN,0.2541134
1232_F.JPG,NaN,NaN,NaN,NaN,3.87677798774729,29.2360355207289,2.61460603734629,3.89662929447149,25,NaN,0.257663
1235_AS.JPG,NaN,NaN,NaN,NaN,1.72928478338377,3.25172850581946,0.678462473086148,1.7061376936666,24,NaN,0.2702909
1237_F.JPG,NaN,NaN,NaN,NaN,3.96916139272915,29.9028078640629,2.654348904571,4.16786772008216,25,NaN,0.2700451
123_AS.JPG,NaN,NaN,NaN,NaN,2.5893480978715,12.2405722964479,2.34065730647734,3.15688147489906,25,NaN,0.2519667
1241_F.JPG,NaN,NaN,NaN,NaN,3.81549709511909,28.8190365057182,3.26350262065133,4.15445424720104,25,NaN,0.2509229
1244_AS.JPG,NaN,NaN,NaN,NaN,12.2199438575711,370.932780090516,9.35178610858948,19.127638022326,25,NaN,0.256138
1246_F.JPG,NaN,NaN,NaN,NaN,2.9325458832407,23.2879343824289,1.84598801619107,3.74209543696749,25,NaN,0.262074
1249_AS.JPG,NaN,NaN,NaN,NaN,8.48604640400282,95.0176620087766,3.87548421961172,9.64663737094502,25,NaN,0.252942
1250_F.JPG,NaN,NaN,NaN,NaN,3.7636286660317,27.3895587314789,2.73297899619483,4.48684368735865,25,NaN,0.2523217
1253_AS.JPG,NaN,NaN,NaN,NaN,4.96074839162415,38.462933033619,3.67448909866272,6.00495408508522,25,NaN,0.249015
1255_F.JPG,NaN,NaN,NaN,NaN,5.29633290195633,36.8446934954897,4.50714263973104,5.99294479752353,25,NaN,0.2507872
1258_AS.JPG,NaN,NaN,NaN,NaN,6.3168504853848,75.6135843536145,4.25647308844976,8.1182628310806,25,NaN,0.2600403
125_F.JPG,NaN,NaN,NaN,NaN,7.50073916077071,150.835232728191,6.65168678367136,11.6690026594154,25,NaN,0.2414683
1262_AS.JPG,NaN,NaN,NaN,NaN,4.80117731852953,35.4974262797818,3.10996984439049,5.89414907057033,25,NaN,0.2458504
1264_F.JPG,NaN,NaN,NaN,NaN,7.55491058362415,128.984266908704,5.28268960900851,9.5023673160228,25,NaN,0.252113
1267_AS.JPG,NaN,NaN,NaN,NaN,3.01941098055827,12.8510412573486,1.89592010995666,3.65329278524467,25,NaN,0.2497773
1269_F.JPG,NaN,NaN,NaN,NaN,3.3160117574126,54.0789490646421,2.97225806090254,6.22331196997448,25,NaN,0.2485173
1271_AS.JPG,NaN,NaN,NaN,NaN,5.97479130810634,85.5882744734986,4.16747273273057,9.5162885343353,25,NaN,0.2589504
1273_F.JPG,NaN,NaN,NaN,NaN,3.57429365642211,29.5213524958235,2.69476174620943,4.27545303846287,25,NaN,0.2617559
1276_AS.JPG,NaN,NaN,NaN,NaN,8.61174673152901,184.002648441898,7.22350122865999,12.7908557819862,25,NaN,0.258362
1278_F.JPG,NaN,NaN,NaN,NaN,3.89802660022128,26.5289368656714,2.63984244912331,4.14920501393027,25,NaN,0.2455639
1280_AS.JPG,NaN,NaN,NaN,NaN,3.71006331556885,36.6323793626838,3.56826416078065,4.56206104043589,25,NaN,0.2582019
1282_F.JPG,NaN,NaN,NaN,NaN,14.8343758113638,429.760764577054,11.7195176961481,22.4087782628149,25,NaN,0.252759
1285_AS.JPG,NaN,NaN,NaN,NaN,6.84740212054775,76.6553439847138,4.17441941198775,7.51875220494011,25,NaN,0.2480432
1287_F.JPG,NaN,NaN,NaN,NaN,2.23496187749005,20.0464152930689,1.97287273350811,3.57322804350193,25,NaN,0.2470448
128_AS.JPG,NaN,NaN,NaN,NaN,8.12527487410745,142.779171415353,4.8996561711519,10.5052295064015,25,NaN,0.2505321
1291_F.JPG,NaN,NaN,NaN,NaN,3.44068344374734,27.4847488993473,2.78971564634175,4.10884129891751,25,NaN,0.2498178
1294_AS.JPG,NaN,NaN,NaN,NaN,7.46405526931813,187.926325378777,7.6716274419717,12.6159547013885,25,NaN,0.2619603
1296_F.JPG,NaN,NaN,NaN,NaN,4.27740506663598,46.8585315685967,2.58623669855629,4.541483295328,25,NaN,0.2540282
1299_AS.JPG,NaN,NaN,NaN,NaN,1.57206060197379,4.04704505597919,1.1938315887394,1.61484991470354,25,NaN,0.2557363
12_F.JPG,NaN,NaN,NaN,NaN,6.18966472120019,108.232137102107,5.96230053676169,9.01366708333251,25,NaN,0.2469706
1302_AS.JPG,NaN,NaN,NaN,NaN,3.62641002875773,11.7398229311047,1.77058487990931,3.07531784970474,25,NaN,0.2548588
1304_F.JPG,NaN,NaN,NaN,NaN,7.39330286593641,129.814674955919,5.98016002508412,11.1452616946959,25,NaN,0.2512812
1307_AS.JPG,NaN,NaN,NaN,NaN,7.85443688892376,102.48788100298,6.14574250752042,9.50399154398001,25,NaN,0.2571984
1309_F.JPG,NaN,NaN,NaN,NaN,4.72268010884649,50.6635299476375,1.88723648601546,4.08943936115418,25,NaN,0.2539549
1311_AS.JPG,NaN,NaN,NaN,NaN,5.81750762837796,55.944377468143,4.59457241583072,7.54216454634993,25,NaN,0.2626279
1313_F.JPG,NaN,NaN,NaN,NaN,4.40514909363241,42.4520179389326,3.17718778522916,5.36740840572181,25,NaN,0.2483437
1316_AS.JPG,NaN,NaN,NaN,NaN,2.01897285942621,6.44177128099696,1.68619975188773,2.2303656843085,25,NaN,0.2596613
1318_F.JPG,NaN,NaN,NaN,NaN,3.29878697018073,31.523899717299,2.02508569059429,3.50260223801955,25,NaN,0.2521058
1320_AS.JPG,NaN,NaN,NaN,NaN,21.9109139478369,3153.0860249451,24.8147447440873,42.3799987631087,NaN,NaN,0.2179013
1322_F.JPG,NaN,NaN,NaN,NaN,10.6596936282433,245.910345920793,7.81425496811633,18.9380752305369,25,NaN,0.248659
1325_AS.JPG,NaN,NaN,NaN,NaN,5.54571873156748,122.948105435393,4.19671075336267,8.33674196492391,25,NaN,0.2313883
1327_F.JPG,NaN,NaN,NaN,NaN,3.95460283682626,32.706619767871,2.84375707962369,4.30359831067749,25,NaN,0.2565057
132_AS.JPG,NaN,NaN,NaN,NaN,2.43133826774229,8.89112072492921,1.62387923432659,2.32039075432392,25,NaN,0.248485
1331_F.JPG,NaN,NaN,NaN,NaN,4.56573903599029,39.838297033239,2.21697890247934,5.11603013167883,25,NaN,0.2627825
1334_AS.JPG,NaN,NaN,NaN,NaN,10.3041846306112,198.670644979395,7.47838512998378,14.1061830839611,25,NaN,0.2741989
1336_F.JPG,NaN,NaN,NaN,NaN,3.78617247127855,40.2312366223127,1.81470006045013,4.08946673356201,25,NaN,0.2551762
1339_AS.JPG,NaN,NaN,NaN,NaN,2.1251309344907,7.07295079971295,1.17140963340084,2.39753926793772,25,NaN,0.2599536
1340_F.JPG,NaN,NaN,NaN,NaN,3.91389960686995,21.0147180223439,2.37032814218612,4.36289148971067,25,NaN,0.2863556
1343_AS.JPG,NaN,NaN,NaN,NaN,4.94508063327008,42.3357061246472,2.96774426187348,5.43016110791777,25,NaN,0.2733553
1345_F.JPG,NaN,NaN,NaN,NaN,7.11721712190873,136.152010633874,3.73231017903317,7.87800867276662,25,NaN,0.2603343
1348_AS.JPG,NaN,NaN,NaN,NaN,3.41293435599092,28.7302895906732,2.98786894229763,4.63888909252571,25,NaN,0.2580348
134_F.JPG,NaN,NaN,NaN,NaN,2.07944316190246,13.3775674536236,1.08735117308853,2.31587359992554,25,NaN,0.2596735
1352_AS.JPG,NaN,NaN,NaN,NaN,1.5744715593467,6.21733457025963,0.987488014710238,1.79663875385598,25,NaN,0.2566692
1354_F.JPG,NaN,NaN,NaN,NaN,6.24242517035814,87.0110597634975,5.56489141721023,7.42893091451374,25,NaN,0.2751666
1357_AS.JPG,NaN,NaN,NaN,NaN,5.60998075194062,76.5752208586643,5.24897005232465,10.5153438081416,25,NaN,0.2578496
1359_F.JPG,NaN,NaN,NaN,NaN,4.4758636872087,39.319183323076,2.6034656016351,4.9029828857657,25,NaN,0.2542135
1361_AS.JPG,NaN,NaN,NaN,NaN,2.35201650918274,6.45319343270441,1.36129955725026,2.28258754729587,25,NaN,0.2789506
1363_F.JPG,NaN,NaN,NaN,NaN,3.79026805702983,43.6208655396505,2.76905254415018,3.95306741619882,25,NaN,0.253731
1366_AS.JPG,NaN,NaN,NaN,NaN,8.31813360180539,118.180302219353,5.97415783271143,10.391233041322,24,NaN,0.2566108
1368_F.JPG,NaN,NaN,NaN,NaN,3.37952729692131,31.0481494089825,2.46827829224345,4.91711012654292,25,NaN,0.2506962
1370_AS.JPG,NaN,NaN,NaN,NaN,6.28889813902212,144.963943089295,5.41522262012108,10.0314633648081,25,NaN,0.2522011
1372_F.JPG,NaN,NaN,NaN,NaN,3.02448730818071,27.4575029399281,1.85667938899431,3.39058805106992,25,NaN,0.2567029
1375_AS.JPG,NaN,NaN,NaN,NaN,5.88378937373598,76.714507321531,3.64152755266181,8.14454083814397,25,NaN,0.2625087
1377_F.JPG,NaN,NaN,NaN,NaN,7.81500667883905,144.982571944086,6.76155179998468,10.011381107014,25,NaN,0.2498584
137_AS.JPG,NaN,NaN,NaN,NaN,1.41185125853347,9.73762854874265,1.25999631561068,2.17917621490227,25,NaN,0.2538564
1381_F.JPG,NaN,NaN,NaN,NaN,3.1602683743007,25.1550462916323,2.50875113705066,3.62809062551902,25,NaN,0.2542737
1384_AS.JPG,NaN,NaN,NaN,NaN,1.83922712901419,8.65014545661153,1.51227135317035,2.25390546153896,24,NaN,0.2525274
1386_F.JPG,NaN,NaN,NaN,NaN,3.69859883439007,29.5268203084454,1.49416173386215,3.34891976349839,24,NaN,0.2591778
1389_AS.JPG,NaN,NaN,NaN,NaN,2.106465706876,7.85066550040369,1.20030649247652,2.29583001432613,25,NaN,0.2580329
1390_F.JPG,NaN,NaN,NaN,NaN,12.2719328163804,171.41449380956,7.10366367426201,14.4516471796444,24,NaN,0.2602503
1393_AS.JPG,NaN,NaN,NaN,NaN,4.62503314835591,23.6203236284275,2.95895930102201,5.34872955846915,25,NaN,0.2612143
1395_F.JPG,NaN,NaN,NaN,NaN,7.05761278303955,115.002803614715,5.83625986059976,8.4034407500206,25,NaN,0.2517451
1398_AS.JPG,NaN,NaN,NaN,NaN,4.38036511510415,46.552852577707,3.45743900564021,7.37987626704514,25,NaN,0.2488872
139_F.JPG,NaN,NaN,NaN,NaN,3.70599020686069,30.5607229429933,2.51646448564305,3.36352394443779,25,NaN,0.2524942
1401_AS.JPG,NaN,NaN,NaN,NaN,6.59296696411139,86.3877835544506,4.63555336458892,9.70109673720854,25,NaN,0.2594264
1403_F.JPG,NaN,NaN,NaN,NaN,4.43004317024092,83.2345807158862,3.24604770000609,5.66734229908493,24,NaN,0.2518071
1406_AS.JPG,NaN,NaN,NaN,NaN,6.01168799829547,74.2947237899982,5.26419769579126,8.50146835875008,25,NaN,0.2553173
1408_F.JPG,NaN,NaN,NaN,NaN,2.67253350589502,23.3434537840443,2.38037858856814,4.58771600814445,25,NaN,0.2510895
1410_AS.JPG,NaN,NaN,NaN,NaN,1.48786930259688,7.21199901262343,1.13995828378721,1.95438418830867,25,NaN,0.2545175
1412_F.JPG,NaN,NaN,NaN,NaN,5.44101070552849,54.2356688354256,4.36127388398206,6.88272940078439,25,NaN,0.2555322
1415_AS.JPG,NaN,NaN,NaN,NaN,5.18226569603373,39.4324031399339,3.39465900732352,5.74700155407775,25,NaN,0.2548311
1417_F.JPG,NaN,NaN,NaN,NaN,6.36647239582472,77.836824085113,5.54748680973765,7.46248497966196,24,NaN,0.2523755
141_AS.JPG,NaN,NaN,NaN,NaN,2.95368147196419,22.0278270219376,2.57844340413892,3.65955185460464,25,NaN,0.2551455
1421_F.JPG,NaN,NaN,NaN,NaN,5.18972896122867,51.932964865532,4.55619055687569,6.73727999276644,25,NaN,0.2534372
1424_AS.JPG,NaN,NaN,NaN,NaN,3.54034322712925,35.7466247524994,3.49355625886153,5.40195746932125,25,NaN,0.2678601
1426_F.JPG,NaN,NaN,NaN,NaN,3.20754506576372,21.26952754413,2.59211665565406,3.17644330092998,25,NaN,0.2523095
1429_AS.JPG,NaN,NaN,NaN,NaN,6.96721473390304,90.824375882993,8.56353668568941,10.3165309521019,25,NaN,0.2517272
1430_F.JPG,NaN,NaN,NaN,NaN,3.74799156998226,14.9635697196242,1.91125930032616,3.98758386030228,25,NaN,0.2611423
1433_AS.JPG,NaN,NaN,NaN,NaN,1.20971249216455,5.30938260794418,0.898182328615694,1.5488345790015,25,NaN,0.2561058
1435_F.JPG,NaN,NaN,NaN,NaN,3.69307800129912,11.1453410674648,1.76465717248308,3.61275825706532,25,NaN,0.2565434
1438_AS.JPG,NaN,NaN,NaN,NaN,4.52798690800583,43.3789654413425,4.41760571221318,6.68010308491636,25,NaN,0.2586193
143_F.JPG,NaN,NaN,NaN,NaN,4.83254911839694,59.3056517759648,3.20516212039359,6.33768638056751,25,NaN,0.2557304
1442_AS.JPG,NaN,NaN,NaN,NaN,2.67904819139209,10.3247203666471,2.52741766611134,2.78874247751859,25,NaN,0.2661073
1444_F.JPG,NaN,NaN,NaN,NaN,3.81341985584357,34.6322036593092,2.46900252189974,4.43996120051106,25,NaN,0.2527628
1447_AS.JPG,NaN,NaN,NaN,NaN,8.44242287072892,166.551412096509,6.60992166939678,11.6319612948217,25,NaN,0.2619226
1449_F.JPG,NaN,NaN,NaN,NaN,7.56812326137175,128.510619788879,5.52082913971354,7.43588432030883,25,NaN,0.2655368
1451_AS.JPG,NaN,NaN,NaN,NaN,3.40202093128967,16.2707555579322,1.82916121545818,4.00616789244055,25,NaN,0.2526334
1453_F.JPG,NaN,NaN,NaN,NaN,3.60721203923034,23.1078016595375,3.3748296006781,3.53235742234122,25,NaN,0.246866
1456_AS.JPG,NaN,NaN,NaN,NaN,9.65924602284304,173.987548933151,6.78898986017472,13.1397386973045,25,NaN,0.2520945
1458_F.JPG,NaN,NaN,NaN,NaN,3.94387601552318,31.6442469797402,1.65852734578977,3.51271464996113,25,NaN,0.2572255
1460_AS.JPG,NaN,NaN,NaN,NaN,5.56841539570303,60.0637120489067,4.34281901771977,7.15888629607038,25,NaN,0.2498
1462_F.JPG,NaN,NaN,NaN,NaN,3.67358896484653,42.3802588664554,2.61197272502589,4.15598549045667,24,NaN,0.2503909
1465_AS.JPG,NaN,NaN,NaN,NaN,5.57933888004492,39.9121282596438,2.88377486715121,4.67910338568488,25,NaN,0.2567428
1467_F.JPG,NaN,NaN,NaN,NaN,16.7917003648309,929.814123018145,15.2982898087071,30.2276969089583,25,NaN,0.2552264
146_AS.JPG,NaN,NaN,NaN,NaN,3.25534364678615,18.6325923075344,2.81666859731606,3.95659935732936,25,NaN,0.2515407
1471_F.JPG,NaN,NaN,NaN,NaN,3.43569297873811,63.1707015577919,2.16882448410189,4.06069224436573,25,NaN,0.2547444
1474_AS.JPG,NaN,NaN,NaN,NaN,2.94841778403626,23.7835224611459,2.41513394007014,4.06978172289535,25,NaN,0.2566523
1476_F.JPG,NaN,NaN,NaN,NaN,5.45077434437901,78.3724620292116,2.94403042928658,6.10901944075414,25,NaN,0.2515863
1479_AS.JPG,NaN,NaN,NaN,NaN,1.46028342784077,4.70766682629573,0.899161699808403,1.53741033327223,25,NaN,0.2518765
1480_F.JPG,NaN,NaN,NaN,NaN,14.9625683251293,2583.79108964262,12.8527116919661,29.9934975403133,20,NaN,0.2228131
1483_AS.JPG,NaN,NaN,NaN,NaN,6.17180516530218,40.3366390713695,3.0158045041127,6.63624711373902,25,NaN,0.2513093
1485_F.JPG,NaN,NaN,NaN,NaN,5.68933188264482,57.6938836604933,3.1175225688075,5.03712871870963,25,NaN,0.2603599
1488_AS.JPG,NaN,NaN,NaN,NaN,3.13311634968885,15.4400042207006,2.24293369054097,3.599071761737,25,NaN,0.2561375
148_F.JPG,NaN,NaN,NaN,NaN,4.05822309097115,31.7816341273248,3.47637405688268,4.26070068830105,25,NaN,0.2499315
1492_AS.JPG,NaN,NaN,NaN,NaN,2.67858323812322,16.6108566542162,1.84927151089615,3.00986427755722,25,NaN,0.2484274
1494_F.JPG,NaN,NaN,NaN,NaN,3.93805700184933,31.0877681326599,2.42525210355421,4.67087023452414,25,NaN,0.2496873
1497_AS.JPG,NaN,NaN,NaN,NaN,6.75206359082687,76.7316317161779,4.38965137248379,8.91176619221499,22,NaN,0.2583898
1499_F.JPG,NaN,NaN,NaN,NaN,4.5372632940898,42.410374329355,2.9875636949894,5.40719282138336,25,NaN,0.2533763
1500_AS.JPG,NaN,NaN,NaN,NaN,2.41025610005989,13.0191593070985,1.43328787111915,2.25659321217411,16,NaN,0.2526656
1502_F.JPG,NaN,NaN,NaN,NaN,3.74997735524906,26.3832381845449,3.43593911862607,4.18663312886099,25,NaN,0.2494457
1505_AS.JPG,NaN,NaN,NaN,NaN,3.84524055348594,34.347065729773,4.33337797703247,4.88953067386884,25,NaN,0.2523734
1507_F.JPG,NaN,NaN,NaN,NaN,3.66292384903363,30.4752227207381,1.17177875497415,3.31818986549575,24,NaN,0.2606265
150_AS.JPG,NaN,NaN,NaN,NaN,4.04112059739603,22.2380541997165,2.5501694054692,3.68776840626707,25,NaN,0.2522936
1511_F.JPG,NaN,NaN,NaN,NaN,3.41619509865333,32.7368918359522,1.92454636594575,3.67080742047403,25,NaN,0.2595712
1514_AS.JPG,NaN,NaN,NaN,NaN,6.1406495685037,62.6600297263372,4.67402978069889,7.26790831034449,25,NaN,0.2553116
1516_F.JPG,NaN,NaN,NaN,NaN,3.23102687206405,28.8656762025535,2.5398379926956,4.46412109783014,25,NaN,0.2518085
1519_AS.JPG,NaN,NaN,NaN,NaN,7.25778225886494,50.419745335147,3.76207444430109,9.24180088859733,25,NaN,0.2575414
1520_F.JPG,NaN,NaN,NaN,NaN,7.73213233827351,79.4264110819174,5.15310102602865,8.9153399633641,25,NaN,0.2523264
1523_AS.JPG,NaN,NaN,NaN,NaN,6.85211055106551,100.176524596801,5.37085551990785,8.99018061721676,25,NaN,0.2522317
1525_F.JPG,NaN,NaN,NaN,NaN,3.0675438192533,60.3740829883324,2.57446474160775,3.8147219158195,25,NaN,0.2512152
1528_AS.JPG,NaN,NaN,NaN,NaN,2.76091020233844,6.58961659900336,1.44672196935096,2.70866334376744,25,NaN,0.2538748
152_F.JPG,NaN,NaN,NaN,NaN,3.62523729042228,33.7647102637031,2.42389217522227,4.51053273427834,25,NaN,0.2549977
1532_AS.JPG,NaN,NaN,NaN,NaN,4.30531171799907,32.0697518524053,3.02719581398685,4.90848525894434,25,NaN,0.2578746
1534_F.JPG,NaN,NaN,NaN,NaN,2.27780919296264,20.4455369671783,1.64716543496476,2.95813798409511,24,NaN,0.2650524
1537_AS.JPG,NaN,NaN,NaN,NaN,1.50914597694276,5.62141461269581,0.846589376778964,1.87840578129987,25,NaN,0.2594036
1539_F.JPG,NaN,NaN,NaN,NaN,3.77811342491329,29.8742875777237,2.89529740173835,4.18376001736615,25,NaN,0.2597893
1541_AS.JPG,NaN,NaN,NaN,NaN,9.91750116482949,190.185806318542,6.6118602284354,13.2610942360674,25,NaN,0.2546801
1543_F.JPG,NaN,NaN,NaN,NaN,6.12131258090506,76.2911433562878,3.61002306794018,7.11525607714194,25,NaN,0.2593599
1546_AS.JPG,NaN,NaN,NaN,NaN,4.93003555755995,44.5999745039125,3.91589139307685,5.82975356881638,25,NaN,0.2578991
1548_F.JPG,NaN,NaN,NaN,NaN,2.42614042107147,23.4013423164867,2.27601377316003,3.33518821355341,25,NaN,0.2613115
1550_AS.JPG,NaN,NaN,NaN,NaN,7.42290366502342,93.0255887137319,4.52806167256814,8.0983099589283,25,NaN,0.2570295
1552_F.JPG,NaN,NaN,NaN,NaN,4.75670296345677,48.9560841829244,3.23854854913362,5.22807594681597,25,NaN,0.2613167
1555_AS.JPG,NaN,NaN,NaN,NaN,5.32818476314097,49.05601690954,3.50329816389713,5.51405766647074,25,NaN,0.2532577
1557_F.JPG,NaN,NaN,NaN,NaN,10.8737995697271,249.75869672022,9.15019042573198,15.2835955439522,25,NaN,0.2749477
155_AS.JPG,NaN,NaN,NaN,NaN,6.01858533947706,77.4847331433381,4.29105126799914,7.52103081945373,25,NaN,0.2619466
1561_F.JPG,NaN,NaN,NaN,NaN,2.31021057006212,16.3252126225686,1.5169313479617,2.89147355687466,24,NaN,0.2600997
1564_AS.JPG,NaN,NaN,NaN,NaN,6.57778207292151,71.0946396624585,4.43142189161201,8.30105718314609,25,NaN,0.2713244
1566_F.JPG,NaN,NaN,NaN,NaN,4.9203351159348,39.8608376753871,2.75757856651095,5.29096496472071,25,NaN,0.2662873
1569_AS.JPG,NaN,NaN,NaN,NaN,4.95807563197456,53.2853542165706,4.83965375045216,6.69965026042238,25,NaN,0.2604608
1570_F.JPG,NaN,NaN,NaN,NaN,12.0826687659501,235.324901799479,6.40654444737101,12.2387316892229,25,NaN,0.2748116
1573_AS.JPG,NaN,NaN,NaN,NaN,3.39040197471778,36.5865045484734,2.26921795004218,5.07326886289402,25,NaN,0.2876735
1575_F.JPG,NaN,NaN,NaN,NaN,14.5475510813426,756.664834831666,15.5041741991374,24.6494135090585,25,NaN,0.2730883
1578_AS.JPG,NaN,NaN,NaN,NaN,4.4124791320604,40.4920821279588,2.97231939916878,5.47087056317765,25,NaN,0.2611585
157_F.JPG,NaN,NaN,NaN,NaN,4.84655821181514,56.2155154673877,3.15580224675335,5.75748531932183,25,NaN,0.3068136
1582_AS.JPG,NaN,NaN,NaN,NaN,2.25741117333823,9.0347615757728,1.56801676566495,2.64009982939088,25,NaN,0.272834
1584_F.JPG,NaN,NaN,NaN,NaN,3.16913617806944,17.8950673664881,1.94208965961034,3.77007091073857,25,NaN,0.27741
1587_AS.JPG,NaN,NaN,NaN,NaN,2.67375131436016,5.95412375342514,1.41235824404548,2.59839068776327,25,NaN,0.2744574
1589_F.JPG,NaN,NaN,NaN,NaN,3.47129865773111,26.8437280818396,3.91673694677473,4.26266230875017,25,NaN,0.2526543
1591_AS.JPG,NaN,NaN,NaN,NaN,3.69932221789798,22.4805668725611,2.14383108487504,4.46663546881259,25,NaN,0.2506066
1593_F.JPG,NaN,NaN,NaN,NaN,3.07518007358539,30.028563734728,1.41781744193126,3.0006513232899,22,NaN,0.230987
1596_AS.JPG,NaN,NaN,NaN,NaN,5.56691480722481,54.3109859012366,3.05264917110909,6.89464727179653,25,NaN,0.2318734
1598_F.JPG,NaN,NaN,NaN,NaN,2.92061539535255,22.1321461260032,1.42146593588431,3.51611726673879,25,NaN,0.2358142
15_AS.JPG,NaN,NaN,NaN,NaN,9.35054000994716,138.046224788595,6.02779609004948,12.4231740586374,25,NaN,0.240831
1601_F.JPG,NaN,NaN,NaN,NaN,3.81830611919529,32.9963579746175,2.91296913564707,4.69555213854493,25,NaN,0.2415889
1604_AS.JPG,NaN,NaN,NaN,NaN,2.02909761904478,8.55518828669634,1.5640622974664,2.49114910146608,25,NaN,0.2320097
1606_F.JPG,NaN,NaN,NaN,NaN,4.32274941284461,35.9515746221303,3.02512937338344,4.67079668421301,25,NaN,0.231793
1609_AS.JPG,NaN,NaN,NaN,NaN,1.71089453379202,6.74701435563413,1.33187332266089,2.06966549198785,25,NaN,0.2445455
1610_F.JPG,NaN,NaN,NaN,NaN,3.21532716442825,21.9331926114821,2.03728374651234,3.19501135930667,25,NaN,0.244968
1613_AS.JPG,NaN,NaN,NaN,NaN,4.49318768493123,42.5825497901825,3.92725043854875,6.71815599001361,25,NaN,0.2537442
1615_F.JPG,NaN,NaN,NaN,NaN,6.59300749460938,225.971277272816,5.83094662673296,11.1593984134055,25,NaN,0.2117637
1618_AS.JPG,NaN,NaN,NaN,NaN,3.75577739453033,28.2278022897778,3.09370581748297,4.75215842764904,25,NaN,0.2481491
161_F.JPG,NaN,NaN,NaN,NaN,5.4828877994242,103.43246616397,4.61386753906039,7.11191850211856,25,NaN,0.2329469
1622_AS.JPG,NaN,NaN,NaN,NaN,5.48661916904766,31.0371039691297,3.00823665031927,5.94179644156188,25,NaN,0.251157
1624_F.JPG,NaN,NaN,NaN,NaN,5.16024759173252,58.3633116075474,3.86831694322217,6.01242411280238,25,NaN,0.2389524
1627_AS.JPG,NaN,NaN,NaN,NaN,1.49746213153062,3.06778664835787,0.652244115198918,1.40049862926524,25,NaN,0.2630331
1629_F.JPG,NaN,NaN,NaN,NaN,4.47262448595241,53.4138931713934,3.13997443448979,5.82100354197989,25,NaN,0.2384937
1631_AS.JPG,NaN,NaN,NaN,NaN,12.2354445664784,118.533910990007,6.78105922635255,13.942840187471,25,NaN,0.2352044
1633_F.JPG,NaN,NaN,NaN,NaN,5.2530507684587,70.733874321477,3.70103300414169,6.11231997367532,25,NaN,0.2533591
1636_AS.JPG,NaN,NaN,NaN,NaN,2.0842386133968,7.27319153243422,1.37276954815793,2.13708588780247,25,NaN,0.2476328
1638_F.JPG,NaN,NaN,NaN,NaN,5.32367916477397,58.6681302248478,4.27428079528764,6.66529897682947,25,NaN,0.2361419
1640_AS.JPG,NaN,NaN,NaN,NaN,16.5613977611241,316.770439244113,7.96851477488795,21.3818305028937,24,NaN,0.2194486
1642_F.JPG,NaN,NaN,NaN,NaN,10.3823585063175,195.070882465424,5.67435168984285,12.8137928716055,25,NaN,0.2391219
1645_AS.JPG,NaN,NaN,NaN,NaN,13.9523356490894,727.957277342525,17.3131143258405,26.4354386443841,25,NaN,0.241573
1647_F.JPG,NaN,NaN,NaN,NaN,2.79374306494167,27.8029042621915,1.46087066756597,2.90935232157865,21,NaN,0.2442429
164_AS.JPG,NaN,NaN,NaN,NaN,3.1531338084925,14.1264247848708,2.22802209260675,3.38775959944014,23,NaN,0.2325686
1651_F.JPG,NaN,NaN,NaN,NaN,3.61554119462775,45.6755040371192,1.57161142908042,3.63654685748054,22,NaN,0.2414852
1654_AS.JPG,NaN,NaN,NaN,NaN,3.89525267413462,23.5116085978155,3.17355481081083,4.13711518098868,24,NaN,0.2372138
1656_F.JPG,NaN,NaN,NaN,NaN,3.61952972502607,28.3321820306058,2.6121947304359,4.1241512020721,25,NaN,0.2362336
1659_AS.JPG,NaN,NaN,NaN,NaN,5.867134095864,71.4951865392117,4.1585985191422,7.36564925355683,25,NaN,0.2308313
1660_F.JPG,NaN,NaN,NaN,NaN,6.66422807757659,119.829431174649,5.11255815255495,9.78449908547087,25,NaN,0.2271205
1663_AS.JPG,NaN,NaN,NaN,NaN,3.39304097038115,24.2536450094751,2.37907235064643,5.0484442728259,25,NaN,0.2380462
1665_F.JPG,NaN,NaN,NaN,NaN,9.59338476766489,150.129357312388,8.0486127890337,11.5307496604193,25,NaN,0.2371688
1668_AS.JPG,NaN,NaN,NaN,NaN,1.90421360781365,7.93816196126982,1.39826711740256,2.18009600540805,25,NaN,0.247271
166_F.JPG,NaN,NaN,NaN,NaN,3.24977802190246,25.1368428490875,2.71301937263373,4.14449467774163,25,NaN,0.2309938
1672_AS.JPG,NaN,NaN,NaN,NaN,6.3666883611482,74.2041835546416,4.88219065818301,7.83518235894965,25,NaN,0.2295487
1674_F.JPG,NaN,NaN,NaN,NaN,3.74545223972251,26.1058842009722,2.37364275551049,4.78305788157226,25,NaN,0.2273524
1677_AS.JPG,NaN,NaN,NaN,NaN,3.37692358104483,19.6682223736285,2.71867579826205,3.73265252238502,25,NaN,0.2267362
1679_F.JPG,NaN,NaN,NaN,NaN,3.94321692787969,35.4313794767955,3.71350550792236,5.77258600616461,25,NaN,0.223334
1681_AS.JPG,NaN,NaN,NaN,NaN,3.01935083042861,20.1025405848535,1.67755819357741,3.91667572012446,25,NaN,0.2264591
1683_F.JPG,NaN,NaN,NaN,NaN,7.39393596488692,103.047019750874,6.00723567477412,9.72613289807141,23,NaN,0.2279686
1686_AS.JPG,NaN,NaN,NaN,NaN,7.43270614784493,50.9039198563434,5.21322448192389,8.72470350688497,25,NaN,0.2264687
1688_F.JPG,NaN,NaN,NaN,NaN,7.59552859759163,121.168617944949,6.33735671360263,10.4885789086109,25,NaN,0.2247359
1690_AS.JPG,NaN,NaN,NaN,NaN,4.64322934292562,23.5919833425562,2.76677172352521,5.03755945223282,25,NaN,0.2368495
1692_F.JPG,NaN,NaN,NaN,NaN,6.4985296053794,97.8534294863684,4.34286191634752,8.82304162790207,25,NaN,0.2325412
1695_AS.JPG,NaN,NaN,NaN,NaN,11.277803874716,242.407546841899,8.07854446652658,13.5491311194901,25,NaN,0.2289095
1697_F.JPG,NaN,NaN,NaN,NaN,3.52274510984882,15.1929982205259,2.21176737244451,3.6541012042457,25,NaN,0.2310628
169_AS.JPG,NaN,NaN,NaN,NaN,3.2207858371044,13.9451705206024,1.66621672918891,3.07712794653221,25,NaN,0.2382379
1700_F.JPG,NaN,NaN,NaN,NaN,8.33423586492908,110.944061870506,5.98357511146519,10.0306415147596,25,NaN,0.2288153
1703_AS.JPG,NaN,NaN,NaN,NaN,8.28704796591689,35.4654888492814,3.71994229816482,7.68914735044834,25,NaN,0.2385255
1705_F.JPG,NaN,NaN,NaN,NaN,9.31881904001527,196.783696254701,5.58727510835562,10.6396587634168,25,NaN,0.202865
170_AS.JPG,NaN,NaN,NaN,NaN,4.78752151251358,40.2093677590992,2.97857729878299,5.70076635283041,25,NaN,0.229372
172_F.JPG,NaN,NaN,NaN,NaN,6.79374692450338,89.5224496870045,4.79529776139061,7.82508397963062,25,NaN,0.2294561
175_AS.JPG,NaN,NaN,NaN,NaN,4.51858380427009,48.509831033513,3.51416041149999,5.16656659239739,25,NaN,0.2313087
177_F.JPG,NaN,NaN,NaN,NaN,3.51533211150091,25.2260199509272,1.99065338095605,3.79512420156878,25,NaN,0.2250931
17_AS.JPG,NaN,NaN,NaN,NaN,1.61550993577413,8.09869707353616,1.42979910428897,1.98458129245518,25,NaN,0.2402339
181_F.JPG,NaN,NaN,NaN,NaN,7.38898038546515,110.33671832887,5.50781882251004,9.13280563409964,25,NaN,0.2237895
184_AS.JPG,NaN,NaN,NaN,NaN,5.94330136111887,87.0126611469706,3.80816313586051,7.54631324180869,25,NaN,0.2277458
186_F.JPG,NaN,NaN,NaN,NaN,12.3021465995185,265.493229929351,10.6775211738104,15.2945321027357,23,NaN,0.2249263
189_AS.JPG,NaN,NaN,NaN,NaN,5.37320366364714,48.2346824137633,4.23185174700341,6.15448570277012,25,NaN,0.2283657
190_F.JPG,NaN,NaN,NaN,NaN,2.17394273575346,8.00494595450142,1.14811624924188,2.41671638373936,25,NaN,0.2344586
193_AS.JPG,NaN,NaN,NaN,NaN,1.87986694242368,4.82666718868394,1.29779008576461,1.83797344938163,24,NaN,0.231515
195_F.JPG,NaN,NaN,NaN,NaN,6.5626768473817,82.9224637241763,4.04926476836179,9.36768924667491,22,NaN,0.2291697
198_AS.JPG,NaN,NaN,NaN,NaN,8.45262731147718,129.00509635277,8.06687471401367,10.9575548466367,25,NaN,0.2244661
19_F.JPG,NaN,NaN,NaN,NaN,3.89004457275961,47.6541890214993,3.39754922265613,5.86287772454827,25,NaN,0.2285889
201_AS.JPG,NaN,NaN,NaN,NaN,1.97184876226515,6.00047124790934,1.10710345399326,1.9518597092848,24,NaN,0.2280825
203_F.JPG,NaN,NaN,NaN,NaN,4.8222898429077,41.9220588424872,2.31963184152512,4.78735991095885,25,NaN,0.2304715
206_AS.JPG,NaN,NaN,NaN,NaN,1.93552900584751,6.32283346519044,1.08360486574031,2.03241191767771,25,NaN,0.2253898
208_F.JPG,NaN,NaN,NaN,NaN,7.11933429027518,114.45119385191,4.64622093880287,9.49529834704988,25,NaN,0.2316862
210_AS.JPG,NaN,NaN,NaN,NaN,10.9367170226833,195.144604832129,6.86226656535309,13.8349715101533,25,NaN,0.2292325
212_F.JPG,NaN,NaN,NaN,NaN,3.30217164434085,28.0463369904781,2.13694153080863,4.23166425899366,25,NaN,0.2426846
215_AS.JPG,NaN,NaN,NaN,NaN,5.60851492416079,58.5034818392897,4.37327681379942,6.29079571123242,25,NaN,0.2251398
217_F.JPG,NaN,NaN,NaN,NaN,3.84457905639317,32.0674276023317,2.73511232991643,3.78798873611193,19,NaN,0.2314945
21_AS.JPG,NaN,NaN,NaN,NaN,1.46792851178124,2.85021239577758,1.07518595634951,1.39669215102683,25,NaN,0.2331448
221_F.JPG,NaN,NaN,NaN,NaN,3.91911369388997,33.926298163852,2.2026834388464,4.14783304501532,25,NaN,0.2234202
224_AS.JPG,NaN,NaN,NaN,NaN,6.40729495855909,47.692129968932,3.08551049004329,7.13583763789086,25,NaN,0.2259752
226_F.JPG,NaN,NaN,NaN,NaN,6.06529538430359,86.9325833791292,5.16089459944938,8.79438763899317,25,NaN,0.2235753
229_AS.JPG,NaN,NaN,NaN,NaN,5.30974770099393,62.8296995042587,3.86188322152809,6.72083828393739,25,NaN,0.2266319
230_F.JPG,NaN,NaN,NaN,NaN,2.29823719193092,8.39962634385628,1.80326323638664,2.73931183577483,25,NaN,0.2263403
233_AS.JPG,NaN,NaN,NaN,NaN,2.07525735235451,8.89440036210174,1.54167601619207,2.40111555158884,25,NaN,0.2289053
235_F.JPG,NaN,NaN,NaN,NaN,8.54914027784624,352.499344215802,7.87967952108711,13.7187844016757,25,NaN,0.2058533
238_AS.JPG,NaN,NaN,NaN,NaN,4.56383685595029,69.3771305824615,4.11943837921701,8.58453208574526,25,NaN,0.2329785
23_F.JPG,NaN,NaN,NaN,NaN,3.31390266582734,18.4304264769707,2.1029780880661,3.45274942090092,24,NaN,0.2252668
242_AS.JPG,NaN,NaN,NaN,NaN,2.78903529755791,14.0563988733976,2.27338613914174,3.30707489363927,25,NaN,0.227213
244_F.JPG,NaN,NaN,NaN,NaN,5.44917832984772,80.8382846194136,5.02006036684109,8.43064463907744,25,NaN,0.2332104
247_AS.JPG,NaN,NaN,NaN,NaN,2.35263719741524,10.2482335365222,2.020560673696,3.17939544091323,25,NaN,0.2249804
249_F.JPG,NaN,NaN,NaN,NaN,3.94457838982494,19.2165606159931,2.84164077359726,4.20721216769995,24,NaN,0.2299592
251_AS.JPG,NaN,NaN,NaN,NaN,2.22578853300652,6.65583385336121,1.30196009408987,2.21266297702156,25,NaN,0.2235842
253_F.JPG,NaN,NaN,NaN,NaN,5.02079999215851,47.9566886407291,2.88398692915607,5.40151921699532,25,NaN,0.2254343
256_AS.JPG,NaN,NaN,NaN,NaN,4.87432816703468,46.8798747540511,3.72584364373432,6.07077432334109,25,NaN,0.2313518
258_F.JPG,NaN,NaN,NaN,NaN,8.24741127418121,139.207510937296,6.54765181462692,11.3492591524734,25,NaN,0.239108
260_AS.JPG,NaN,NaN,NaN,NaN,2.54385991374646,9.63129363041846,1.91495573006543,2.77318597242237,25,NaN,0.2227806
262_F.JPG,NaN,NaN,NaN,NaN,7.85482668123091,135.152906816575,6.27197159022451,9.13192157124789,25,NaN,0.2358049
265_AS.JPG,NaN,NaN,NaN,NaN,6.51683186660764,232.419329949452,7.3589785129495,12.8815724339902,25,NaN,0.2225438
267_F.JPG,NaN,NaN,NaN,NaN,4.79261466617229,66.5701049302462,4.1405394189037,6.50592279993322,25,NaN,0.2196054
26_AS.JPG,NaN,NaN,NaN,NaN,1.70283791300366,4.25242558985962,1.32705006154937,1.56454259115364,24,NaN,0.2332738
271_F.JPG,NaN,NaN,NaN,NaN,3.70338211894816,24.3563904224473,4.15154325839966,4.91465827837636,25,NaN,0.230129
274_AS.JPG,NaN,NaN,NaN,NaN,3.21749614184917,7.74356665436425,1.60595573560286,3.32412257509753,25,NaN,0.2212649
276_F.JPG,NaN,NaN,NaN,NaN,4.95085482320464,74.1320348790297,3.65264134126348,6.06985933305425,22,NaN,0.2224518
279_AS.JPG,NaN,NaN,NaN,NaN,8.71548168411316,149.374309779373,6.33609854676149,10.6764720234957,25,NaN,0.2248121
280_F.JPG,NaN,NaN,NaN,NaN,21.1111202516793,1222.58476374819,19.1148040940261,29.3445622891669,25,NaN,0.2269144
283_AS.JPG,NaN,NaN,NaN,NaN,1.97065159639299,8.8529630130073,0.982903799114386,2.3581224838828,25,NaN,0.2274811
285_F.JPG,NaN,NaN,NaN,NaN,7.08235999979663,81.0457215512125,3.95440572072321,7.56443831060107,25,NaN,0.2298469
288_AS.JPG,NaN,NaN,NaN,NaN,3.08043521350346,20.3586182266469,2.77717759939623,4.27646320320043,25,NaN,0.236685
28_F.JPG,NaN,NaN,NaN,NaN,3.34936841955317,37.0440423426034,2.64429814813798,4.67819317091801,22,NaN,0.2279149
292_AS.JPG,NaN,NaN,NaN,NaN,2.96506733423341,40.1918637878687,2.77825505004549,5.16654282977319,25,NaN,0.2248469
294_F.JPG,NaN,NaN,NaN,NaN,4.31255506530085,53.0070816099204,3.3689116019287,5.82832444179783,22,NaN,0.2305528
297_AS.JPG,NaN,NaN,NaN,NaN,2.06700131039956,10.1545301629697,1.9489831380452,2.70937982615987,25,NaN,0.2200424
299_F.JPG,NaN,NaN,NaN,NaN,3.80892664925941,22.5938463712717,1.86316403418434,3.3891747949551,25,NaN,0.2274509
300_AS.JPG,NaN,NaN,NaN,NaN,1.8588947049206,5.61492122711619,1.24933514990175,1.9522093255967,25,NaN,0.2229943
302_F.JPG,NaN,NaN,NaN,NaN,4.28953945170686,55.7785936950181,1.3695081039727,4.19395914722742,25,NaN,0.2268148
305_AS.JPG,NaN,NaN,NaN,NaN,2.62728578211329,32.3070416469518,2.55911464081647,3.79038252399616,25,NaN,0.2295455
307_F.JPG,NaN,NaN,NaN,NaN,7.94930236589675,129.721923627282,5.78153576840314,9.29424490518175,25,NaN,0.2315466
30_AS.JPG,NaN,NaN,NaN,NaN,3.36257776067483,20.7131298643694,2.02812786634134,3.28697465406713,20,NaN,0.2423167
311_F.JPG,NaN,NaN,NaN,NaN,4.15615195874538,42.6051973822107,2.47975556528511,4.23361741661942,25,NaN,0.2300215
314_AS.JPG,NaN,NaN,NaN,NaN,11.8947363561283,284.643756156183,7.90923740824985,15.2081138901468,24,NaN,0.227409
316_F.JPG,NaN,NaN,NaN,NaN,7.27044240075622,199.356294931483,6.82532228872267,12.1992557155932,25,NaN,0.2284997
319_AS.JPG,NaN,NaN,NaN,NaN,2.04433677309835,5.89004549666999,0.880032420425647,2.14313624024554,25,NaN,0.2272557
320_F.JPG,NaN,NaN,NaN,NaN,6.68521187497065,196.779273590685,5.7137893203621,11.4074552270239,24,NaN,0.22925
323_AS.JPG,NaN,NaN,NaN,NaN,2.16866156684241,4.94078032351384,1.00276393417146,1.99728420300011,25,NaN,0.2316351
325_F.JPG,NaN,NaN,NaN,NaN,3.71276128801755,69.677318365443,3.05663157308447,4.55541027467616,25,NaN,0.2217498
328_AS.JPG,NaN,NaN,NaN,NaN,3.14473991780863,14.7336709257228,2.43383117055222,3.77920530537584,25,NaN,0.2291604
32_F.JPG,NaN,NaN,NaN,NaN,5.22507867574563,65.4931960300586,4.27221094321884,6.61845274042689,23,NaN,0.2230732
332_AS.JPG,NaN,NaN,NaN,NaN,0.948545815820147,1.90237719981341,0.44986010826655,0.860326517959894,24,NaN,0.2251586
334_F.JPG,NaN,NaN,NaN,NaN,2.69138284662589,22.0521342469272,1.99632723446569,3.25451200934185,25,NaN,0.2273338
337_AS.JPG,NaN,NaN,NaN,NaN,3.97504984736395,42.6129116197703,2.99911560626963,5.06330147743217,25,NaN,0.2318777
339_F.JPG,NaN,NaN,NaN,NaN,4.01565118670731,30.270721181185,3.45673366543773,4.33752836023997,25,NaN,0.2300544
341_AS.JPG,NaN,NaN,NaN,NaN,7.42505871916746,94.6796125358628,5.84017797351409,8.7630456966772,25,NaN,0.2345198
343_F.JPG,NaN,NaN,NaN,NaN,4.42700789154655,40.1845883312906,3.72405058255188,4.9017418504332,25,NaN,0.2305667
346_AS.JPG,NaN,NaN,NaN,NaN,6.12724121447965,58.8039560951644,4.487293877404,7.42443486962977,24,NaN,0.2318788
348_F.JPG,NaN,NaN,NaN,NaN,3.3418208711703,36.4364070760714,2.77315734713257,5.62225963725173,25,NaN,0.2367693
350_AS.JPG,NaN,NaN,NaN,NaN,11.4692440685411,1184.74891510328,9.08678804390449,15.9676807446741,NaN,NaN,0.2361046
352_F.JPG,NaN,NaN,NaN,NaN,4.05898251733478,37.4957012355098,1.69977528930254,4.43750798609887,25,NaN,0.2348354
355_AS.JPG,NaN,NaN,NaN,NaN,3.99315413578951,65.6894834368535,3.21275130943109,5.37517097199775,25,NaN,0.2323736
357_F.JPG,NaN,NaN,NaN,NaN,3.58431446683206,25.4183965252748,2.67064588245169,4.24506796262685,24,NaN,0.2313337
35_AS.JPG,NaN,NaN,NaN,NaN,12.6445297159806,857.492228706589,10.3343575037018,25.1767788352543,25,NaN,0.2053378
361_F.JPG,NaN,NaN,NaN,NaN,5.38359900276425,61.5878891674573,2.97984092944866,5.07451741026336,24,NaN,0.2497024
364_AS.JPG,NaN,NaN,NaN,NaN,1.21794925833035,4.89417452597092,1.11032838213724,1.51106055677994,25,NaN,0.2199269
366_F.JPG,NaN,NaN,NaN,NaN,5.04684823088964,66.0264930131649,3.69769505023747,5.51716947299685,25,NaN,0.2355772
369_AS.JPG,NaN,NaN,NaN,NaN,1.86622209251729,7.43251199963331,1.39922657995873,2.04544497622615,25,NaN,0.23097
370_F.JPG,NaN,NaN,NaN,NaN,10.2443877228748,100.075978340739,5.33808445667218,11.7985621375633,25,NaN,0.2308263
373_AS.JPG,NaN,NaN,NaN,NaN,1.79541961459502,9.23435058266199,1.06635724412078,2.14563178948088,25,NaN,0.2283271
375_F.JPG,NaN,NaN,NaN,NaN,5.21314251213322,61.5637839058574,5.29984504868759,6.55958546256758,25,NaN,0.2317286
378_AS.JPG,NaN,NaN,NaN,NaN,3.06477359403861,10.7107373382562,1.44330454013854,3.33354935402202,25,NaN,0.2300125
37_F.JPG,NaN,NaN,NaN,NaN,4.692174603226,41.8956947421243,3.78835182059893,5.84785801694547,25,NaN,0.2275678
382_AS.JPG,NaN,NaN,NaN,NaN,18.5524536811695,1196.08540520875,19.2308690442542,32.4264555745188,25,NaN,0.2335773
384_F.JPG,NaN,NaN,NaN,NaN,10.0284147946155,191.234966021928,6.42358541207436,11.6973563880245,25,NaN,0.2293444
387_AS.JPG,NaN,NaN,NaN,NaN,3.73802554498383,17.454163143448,2.46234132230267,3.82926339081904,25,NaN,0.2263272
389_F.JPG,NaN,NaN,NaN,NaN,3.94109895157612,31.904049724055,2.85339840806372,4.2020789926544,25,NaN,0.227866
391_AS.JPG,NaN,NaN,NaN,NaN,1.49882052706154,9.35711663123156,2.04152647131106,2.20765490023052,25,NaN,0.2202731
393_F.JPG,NaN,NaN,NaN,NaN,3.4793729085655,35.3258777171357,1.77960169204607,3.62166044385199,20,NaN,0.2273581
396_AS.JPG,NaN,NaN,NaN,NaN,5.05225601902459,67.6440120719677,4.42928264232632,7.74799997673969,25,NaN,0.233524
398_F.JPG,NaN,NaN,NaN,NaN,3.97186559725873,38.8485031075147,2.51309737400114,4.21707317535992,25,NaN,0.229087
3_AS.JPG,NaN,NaN,NaN,NaN,9.49582736195774,143.231771849168,5.33688055982509,11.9259828748558,25,NaN,0.237038
401_F.JPG,NaN,NaN,NaN,NaN,6.08863621440864,107.385936281744,5.61158794012252,9.47755809551157,25,NaN,0.2488692
404_AS.JPG,NaN,NaN,NaN,NaN,6.1119032009241,58.0712534478206,3.68601094775058,7.06326306541206,25,NaN,0.2658424
406_F.JPG,NaN,NaN,NaN,NaN,2.0910742492939,21.2719816619152,1.58618372105018,2.79166250692737,24,NaN,0.2708531
409_AS.JPG,NaN,NaN,NaN,NaN,3.3441942126846,11.8593776185413,1.75528313579444,3.60329456001555,25,NaN,0.2478002
410_F.JPG,NaN,NaN,NaN,NaN,3.55311441305895,28.1246715707643,3.04806505847891,4.82065385394446,25,NaN,0.2570705
413_AS.JPG,NaN,NaN,NaN,NaN,3.31813157803165,37.9972298071226,2.75921643332423,5.24613191042224,25,NaN,0.2565414
415_F.JPG,NaN,NaN,NaN,NaN,13.0561491628087,1950.95391892531,23.9852276352869,26.8212226940258,22,NaN,0.2582726
418_AS.JPG,NaN,NaN,NaN,NaN,1.98901646276024,5.29302405083175,1.0986571345534,1.93317293514586,25,NaN,0.276854
41_F.JPG,NaN,NaN,NaN,NaN,4.59451032377106,47.5822232110842,3.02046096093133,5.0822059869076,25,NaN,0.2796134
422_AS.JPG,NaN,NaN,NaN,NaN,2.94999874585195,31.6218046932854,2.97783068456671,4.89922943637908,25,NaN,0.263822
424_F.JPG,NaN,NaN,NaN,NaN,2.29857538865192,19.8841207597834,1.5863871353188,3.27727456362082,25,NaN,0.2739782
427_AS.JPG,NaN,NaN,NaN,NaN,5.34256801546007,65.8089908562627,4.4926824143741,7.35416451290395,25,NaN,0.2529566
429_F.JPG,NaN,NaN,NaN,NaN,3.89202371704325,43.1095190645323,2.59147041451169,4.7074588098871,25,NaN,0.2505562
431_AS.JPG,NaN,NaN,NaN,NaN,1.93365764368972,6.48109923468767,1.19454011200606,1.97257382432642,25,NaN,0.2470677
433_F.JPG,NaN,NaN,NaN,NaN,4.36633193972324,41.9288401333245,2.76358053868048,5.52918900331226,25,NaN,0.2416102
436_AS.JPG,NaN,NaN,NaN,NaN,9.9179373757513,155.121683181033,6.40990178862404,12.4930552663608,25,NaN,0.2384778
438_F.JPG,NaN,NaN,NaN,NaN,3.38780888307209,27.5586140250444,2.37455631494543,3.97669995317622,25,NaN,0.2367568
440_AS.JPG,NaN,NaN,NaN,NaN,16.9232550982499,828.915777446849,19.1785774908984,19.4913045174097,25,NaN,0.2512818
442_F.JPG,NaN,NaN,NaN,NaN,4.65529888433618,52.044800063406,2.94649052576812,6.11230432863623,25,NaN,0.2385173
445_AS.JPG,NaN,NaN,NaN,NaN,7.85522609286665,114.819386002648,4.88757690101288,8.57504319355775,25,NaN,0.2376205
447_F.JPG,NaN,NaN,NaN,NaN,5.40290228101859,53.1609285350397,4.47767911161455,5.62820473868376,25,NaN,0.239664
44_AS.JPG,NaN,NaN,NaN,NaN,4.12113271060263,20.2051575624785,2.71988740635993,5.17406918159966,25,NaN,0.2424795
451_F.JPG,NaN,NaN,NaN,NaN,4.40812013721684,41.0179069431003,2.35837693427986,4.7253083436885,25,NaN,0.2308941
454_AS.JPG,NaN,NaN,NaN,NaN,2.08651039906837,7.75270657202239,1.69795815906961,2.15641484936735,25,NaN,0.2389717
456_F.JPG,NaN,NaN,NaN,NaN,4.25976081471712,38.0372677361336,3.1363695927262,4.04013699455614,25,NaN,0.240949
459_AS.JPG,NaN,NaN,NaN,NaN,1.89423008949636,3.42783246492259,0.688033956559333,1.63791983875041,25,NaN,0.2401164
460_F.JPG,NaN,NaN,NaN,NaN,7.00137512004431,147.09502401359,7.8600168498165,10.9535085182641,25,NaN,0.2470962
463_AS.JPG,NaN,NaN,NaN,NaN,4.1852057277148,37.8854690922008,3.38913887818439,4.95244189742868,25,NaN,0.2421648
465_F.JPG,NaN,NaN,NaN,NaN,2.24225722589291,7.09996471608865,2.04313573797591,2.06400801551763,25,NaN,0.2481616
468_AS.JPG,NaN,NaN,NaN,NaN,3.68496888780049,13.6057731927261,1.64325372070469,4.13013006792955,25,NaN,0.2402151
46_F.JPG,NaN,NaN,NaN,NaN,14.6440543826544,464.261677231946,13.9361565430016,21.8843634953283,25,NaN,0.23318
472_AS.JPG,NaN,NaN,NaN,NaN,2.21353126663824,10.2114451650299,1.53655783401269,2.53604056076179,25,NaN,0.2326148
474_F.JPG,NaN,NaN,NaN,NaN,4.08529307656692,35.3700012270589,1.73376498711367,3.5990635432623,25,NaN,0.2431924
477_AS.JPG,NaN,NaN,NaN,NaN,1.35528942024203,2.71612732574212,0.654519313006109,1.3058730037829,24,NaN,0.2397753
479_F.JPG,NaN,NaN,NaN,NaN,3.39784862310666,32.6589029329572,3.21874595071475,4.35247965998588,25,NaN,0.2423942
481_AS.JPG,NaN,NaN,NaN,NaN,3.90986467199575,18.5922559692595,2.7878322781385,4.91831280749988,25,NaN,0.2407315
483_F.JPG,NaN,NaN,NaN,NaN,7.54320902184572,107.116165235655,5.61519993979045,8.15524050991417,25,NaN,0.2350298
486_AS.JPG,NaN,NaN,NaN,NaN,4.54952615294577,49.1114198121788,3.89636468821561,6.78525257385604,25,NaN,0.2340838
488_F.JPG,NaN,NaN,NaN,NaN,2.88734726549851,29.2505405982222,2.27755867484288,3.94637342306683,25,NaN,0.2461872
490_AS.JPG,NaN,NaN,NaN,NaN,8.2839379646836,96.7391053165072,5.85693007061705,10.0925553218664,25,NaN,0.2623433
492_F.JPG,NaN,NaN,NaN,NaN,2.88594303195918,20.7466710656171,1.43870580956351,2.75681968173295,24,NaN,0.2594689
495_AS.JPG,NaN,NaN,NaN,NaN,7.64100475250034,517.619665218228,10.1863553441049,13.4966461740452,22,NaN,0.2119061
497_F.JPG,NaN,NaN,NaN,NaN,4.49485245249029,57.1145977514743,1.72649486525824,4.23698328208225,24,NaN,0.2536509
49_AS.JPG,NaN,NaN,NaN,NaN,3.32953978506914,11.8706474621605,1.74088106893102,3.67543692230844,25,NaN,0.2522981
500_F.JPG,NaN,NaN,NaN,NaN,3.711226981257,79.7664453345263,2.67095874366175,5.26426384095557,25,NaN,0.2362462
503_AS.JPG,NaN,NaN,NaN,NaN,3.21495787935363,9.2674501381993,1.85030531271387,3.16146981159154,25,NaN,0.2434075
505_F.JPG,NaN,NaN,NaN,NaN,10.6561690391536,231.735860056082,8.10996786985788,13.984525895388,25,NaN,0.2480792
508_AS.JPG,NaN,NaN,NaN,NaN,2.67511982936906,14.9071550902175,1.87468503324488,3.3790177528072,25,NaN,0.245459
50_F.JPG,NaN,NaN,NaN,NaN,10.0082015755814,165.505325292358,7.75068207571904,12.6674208084889,25,NaN,0.2452267
512_AS.JPG,NaN,NaN,NaN,NaN,3.87907243082214,29.978588538506,3.1757900600103,4.67400628465279,25,NaN,0.2456338
514_F.JPG,NaN,NaN,NaN,NaN,4.10845966692331,39.5957686043852,2.55389638033968,4.92073371667888,25,NaN,0.2383448
517_AS.JPG,NaN,NaN,NaN,NaN,7.67313928714306,133.283678350145,7.24969701662824,11.9541323476207,25,NaN,0.2349333
519_F.JPG,NaN,NaN,NaN,NaN,3.43272470052349,34.9881987491639,2.85581915126134,4.3143509562909,25,NaN,0.2395931
521_AS.JPG,NaN,NaN,NaN,NaN,7.97962008782777,115.138200730601,6.92693738148989,9.76151548045037,24,NaN,0.2453085
523_F.JPG,NaN,NaN,NaN,NaN,3.95116038684438,36.3358011381568,2.27022304897132,4.3591072417882,25,NaN,0.2482166
526_AS.JPG,NaN,NaN,NaN,NaN,4.74931135476153,46.9700631052038,3.35457914137552,6.62429685674356,25,NaN,0.2479367
528_F.JPG,NaN,NaN,NaN,NaN,7.60525146774155,111.299658285584,4.98603329382036,10.7901890209065,25,NaN,0.2524248
530_AS.JPG,NaN,NaN,NaN,NaN,11.7338758163548,499.387209653755,16.8927471821695,19.020981176268,25,NaN,0.2421014
532_F.JPG,NaN,NaN,NaN,NaN,14.7330006329822,505.282098452139,12.7939751557978,20.4407476409192,25,NaN,0.2541249
535_AS.JPG,NaN,NaN,NaN,NaN,17.2473213685082,3505.37492283136,27.8853153119923,41.8607312510221,NaN,NaN,0.2436681
537_F.JPG,NaN,NaN,NaN,NaN,3.96829647335419,30.4779313219435,3.38867254096929,4.65463934066306,22,NaN,0.2503533
53_AS.JPG,NaN,NaN,NaN,NaN,2.32980736793986,6.92556001869713,1.2953577303051,2.51069159442373,25,NaN,0.2413974
541_F.JPG,NaN,NaN,NaN,NaN,9.05978285411013,163.401013827569,8.50663054941394,11.3737875979208,25,NaN,0.2536318
544_AS.JPG,NaN,NaN,NaN,NaN,8.37044027115589,178.694815652306,6.25887201366915,12.3100036326329,25,NaN,0.258919
546_F.JPG,NaN,NaN,NaN,NaN,5.35176743220024,39.9331272001715,3.21049286898994,5.6985825522612,25,NaN,0.2595167
549_AS.JPG,NaN,NaN,NaN,NaN,6.49149107193614,62.875027155243,4.56904950127544,8.55636110114737,25,NaN,0.2502345
550_F.JPG,NaN,NaN,NaN,NaN,5.008137100448,15.4715143291354,2.67102089095293,5.11523352312423,25,NaN,0.2401827
553_AS.JPG,NaN,NaN,NaN,NaN,1.76136218947943,7.01528714849179,1.48838933206182,2.11971464512642,25,NaN,0.2801946
555_F.JPG,NaN,NaN,NaN,NaN,2.56541409311659,15.1510437878592,1.63730623077578,2.98447399900754,25,NaN,0.2450528
558_AS.JPG,NaN,NaN,NaN,NaN,3.33818851991849,20.0991649792618,2.89783921196718,4.71659993662909,25,NaN,0.232345
55_F.JPG,NaN,NaN,NaN,NaN,21.0664243769251,5890.51562972233,26.3137985198502,43.5499403820398,NaN,NaN,0.1829475
562_AS.JPG,NaN,NaN,NaN,NaN,1.92408006583721,7.66398591699257,1.45887458506987,2.01940791247945,23,NaN,0.2447011
564_F.JPG,NaN,NaN,NaN,NaN,3.92642570866401,36.9275844271425,3.40595776295398,5.71047107948814,25,NaN,0.2388735
567_AS.JPG,NaN,NaN,NaN,NaN,6.0638940089262,72.4679353277894,4.510281909099,7.85349461252743,25,NaN,0.2496286
569_F.JPG,NaN,NaN,NaN,NaN,5.56384765876804,72.2626545819668,4.71818824776512,7.41548559044683,25,NaN,0.2373627
571_AS.JPG,NaN,NaN,NaN,NaN,1.89498645771479,10.1292527497817,1.2946475737619,2.57376364923714,25,NaN,0.2347479
573_F.JPG,NaN,NaN,NaN,NaN,6.76467615863837,75.0541090000711,4.31286824093372,8.28755000207542,24,NaN,0.2405395
576_AS.JPG,NaN,NaN,NaN,NaN,2.90562429089141,16.7952659399486,2.45752094542112,3.35846696423356,25,NaN,0.2385658
578_F.JPG,NaN,NaN,NaN,NaN,2.84066433504171,18.2379372232851,1.75872285937371,3.09053360233669,24,NaN,0.2372334
580_AS.JPG,NaN,NaN,NaN,NaN,6.46938220500391,88.604466876333,7.09340652375804,8.06102489418272,25,NaN,0.240106
582_F.JPG,NaN,NaN,NaN,NaN,4.87271887907995,51.994663964909,1.54249188623652,4.47337709561386,24,NaN,0.2617561
585_AS.JPG,NaN,NaN,NaN,NaN,4.27761051741117,157.419627881261,4.68389751887073,6.5966900425027,25,NaN,0.239152
587_F.JPG,NaN,NaN,NaN,NaN,3.63126845645359,30.2902080222914,2.02070273909402,3.70302965089047,25,NaN,0.2571611
58_AS.JPG,NaN,NaN,NaN,NaN,5.01359896385045,31.0079076067625,3.17005931609771,6.42064309452015,25,NaN,0.2439301
591_F.JPG,NaN,NaN,NaN,NaN,3.21459097438192,25.2437745859392,2.33934529188753,4.00832664486555,25,NaN,0.2454615
594_AS.JPG,NaN,NaN,NaN,NaN,6.09807319460348,55.8680219380942,6.41936716639037,7.57065266339761,25,NaN,0.235905
596_F.JPG,NaN,NaN,NaN,NaN,4.3137403784436,36.755224191299,2.95870841504543,4.61439717791121,25,NaN,0.2394292
599_AS.JPG,NaN,NaN,NaN,NaN,5.21724271625258,59.5099737925048,4.86341205734204,7.71483975378059,25,NaN,0.2417301
5_F.JPG,NaN,NaN,NaN,NaN,7.36387032594692,314.092433821181,8.09218063803418,15.0470764865702,25,NaN,0.1912356
602_AS.JPG,NaN,NaN,NaN,NaN,2.18980650028872,19.0944147812374,2.19540733955826,3.35884814002553,25,NaN,0.2483636
604_F.JPG,NaN,NaN,NaN,NaN,3.26811742302231,29.5923543249529,2.10259824366072,3.69771401170668,25,NaN,0.2550273
607_AS.JPG,NaN,NaN,NaN,NaN,2.46032809560095,10.6917360687038,1.75720536036261,3.14015059609463,25,NaN,0.2966058
609_F.JPG,NaN,NaN,NaN,NaN,4.72484107169719,51.7587019722226,3.10518548326745,5.14084702210066,25,NaN,0.2511246
611_AS.JPG,NaN,NaN,NaN,NaN,4.23841946357605,29.7785249415237,3.17977829975751,4.4741700587872,25,NaN,0.2462701
613_F.JPG,NaN,NaN,NaN,NaN,4.49070604839077,51.4904678532056,2.32992991064561,5.05102937481982,25,NaN,0.2441058
616_AS.JPG,NaN,NaN,NaN,NaN,1.36727495186873,6.1324106359746,0.77128802265287,1.4993457022111,25,NaN,0.2449155
618_F.JPG,NaN,NaN,NaN,NaN,3.5634525567615,29.7315314506653,2.61459065591301,4.11915528325041,25,NaN,0.2356626
620_AS.JPG,NaN,NaN,NaN,NaN,9.6605236449933,168.106602770479,6.59007513666752,12.0806317873627,25,NaN,0.240685
622_F.JPG,NaN,NaN,NaN,NaN,3.00153795708132,31.1216263639094,2.77837317050388,4.46336241016786,23,NaN,0.2388206
625_AS.JPG,NaN,NaN,NaN,NaN,6.79506625183452,66.4328877565783,4.2505859205865,8.22949116967791,25,NaN,0.2327231
627_F.JPG,NaN,NaN,NaN,NaN,6.20189266982459,102.185964833543,6.04041231970013,8.05288612470989,25,NaN,0.2332866
62_AS.JPG,NaN,NaN,NaN,NaN,11.6713535147309,375.961346689973,11.0444851222446,17.5327867061027,25,NaN,0.2419377
631_F.JPG,NaN,NaN,NaN,NaN,5.81978311516522,92.2885536413331,5.8592014352591,7.48440961452043,25,NaN,0.2375081
634_AS.JPG,NaN,NaN,NaN,NaN,3.50297301503255,51.3342732827263,3.14194039494899,6.09079599029449,25,NaN,0.2378878
636_F.JPG,NaN,NaN,NaN,NaN,4.72865803275449,82.1297736529925,2.54195970057085,5.0676411621859,25,NaN,0.2436829
639_AS.JPG,NaN,NaN,NaN,NaN,2.74128883193694,11.7177941205258,1.78247938604618,3.21858390880078,25,NaN,0.2451275
640_F.JPG,NaN,NaN,NaN,NaN,5.54242257210866,65.6053630590339,4.01814780203205,6.42758841622655,25,NaN,0.2455039
643_AS.JPG,NaN,NaN,NaN,NaN,9.15982424377685,149.890459927456,7.07458129868574,11.7325455528883,25,NaN,0.2372629
645_F.JPG,NaN,NaN,NaN,NaN,12.2032701162976,245.227801334868,6.55240732754221,15.0315874998474,25,NaN,0.2507842
648_AS.JPG,NaN,NaN,NaN,NaN,12.8791387754706,276.129198797387,8.11548861197979,15.1911657355274,25,NaN,0.2377943
64_F.JPG,NaN,NaN,NaN,NaN,10.2693494993488,227.115454305425,8.4459878157537,13.8917125407623,25,NaN,0.2431981
652_AS.JPG,NaN,NaN,NaN,NaN,4.57515264884208,39.4277049844851,2.88762814940946,5.83965503550576,25,NaN,0.2358591
654_F.JPG,NaN,NaN,NaN,NaN,3.944850640287,58.377397479707,1.77179859223232,4.10331772285935,25,NaN,0.2411683
657_AS.JPG,NaN,NaN,NaN,NaN,4.37687454841768,55.811817866264,3.85858969749224,7.13045930494968,25,NaN,0.235194
659_F.JPG,NaN,NaN,NaN,NaN,3.53977484050211,33.44415091583,2.90535432637833,4.4863538543172,25,NaN,0.2402428
661_AS.JPG,NaN,NaN,NaN,NaN,2.24285582663595,10.41089761984,1.05950703960711,2.7791554148817,25,NaN,0.2400857
663_F.JPG,NaN,NaN,NaN,NaN,3.88344019233583,42.4432275182042,2.01892436068059,4.06957316998406,25,NaN,0.247288
666_AS.JPG,NaN,NaN,NaN,NaN,3.45015713176125,21.8555799428869,2.39054189265545,4.03132908211485,25,NaN,0.2373622
668_F.JPG,NaN,NaN,NaN,NaN,5.40905844267464,146.515940067961,5.18654483336521,10.2738998729595,25,NaN,0.2300419
670_AS.JPG,NaN,NaN,NaN,NaN,5.54344931126014,54.4764450050825,3.50302402751942,7.4113238867904,25,NaN,0.2519459
672_F.JPG,NaN,NaN,NaN,NaN,10.2662014596026,311.369073054885,9.72211087064481,16.329814313292,25,NaN,0.248028
675_AS.JPG,NaN,NaN,NaN,NaN,1.58678454874411,5.51589948430105,0.96840271697487,1.78970112484501,25,NaN,0.2504176
677_F.JPG,NaN,NaN,NaN,NaN,2.79898187729973,22.7025656989771,1.51150649589546,3.0934001617817,25,NaN,0.2399897
67_AS.JPG,NaN,NaN,NaN,NaN,5.2841456309673,55.6904364366783,4.44962753287999,6.65127203064156,25,NaN,0.2372222
681_F.JPG,NaN,NaN,NaN,NaN,2.38138286221179,22.3384476702353,2.97619195859746,3.76763269042913,25,NaN,0.2491206
684_AS.JPG,NaN,NaN,NaN,NaN,2.70060690090516,19.7077838027271,2.21255249503779,3.58247675931272,25,NaN,0.2361295
686_F.JPG,NaN,NaN,NaN,NaN,3.58138511797995,28.1500120079888,2.17528179313518,3.89148496490162,25,NaN,0.2388744
689_AS.JPG,NaN,NaN,NaN,NaN,13.5068497056024,328.09941134595,10.1488575573229,18.660970399458,25,NaN,0.252769
690_F.JPG,NaN,NaN,NaN,NaN,5.32369772026337,83.9018414955031,4.36585299744954,6.84174306781475,25,NaN,0.239082
693_AS.JPG,NaN,NaN,NaN,NaN,6.63589100175636,77.6856141429758,5.10698411096299,8.189916981094,25,NaN,0.2385207
695_F.JPG,NaN,NaN,NaN,NaN,3.44122129249631,13.3069428138036,1.8055085459731,4.09468354921258,25,NaN,0.2362404
698_AS.JPG,NaN,NaN,NaN,NaN,2.33938285918481,12.9476995987947,1.95803048659402,3.22383466917056,25,NaN,0.2380304
69_F.JPG,NaN,NaN,NaN,NaN,4.29935540135673,37.68359068944,3.17346450112746,4.92723023196965,25,NaN,0.2401618
701_AS.JPG,NaN,NaN,NaN,NaN,3.07541346337526,10.6689605187833,1.94512425917453,2.78221302313252,24,NaN,0.2366262
703_F.JPG,NaN,NaN,NaN,NaN,4.69164438176425,55.6620393336831,2.75783741842204,5.08142286180034,25,NaN,0.2345881
706_AS.JPG,NaN,NaN,NaN,NaN,1.89245184784785,7.882018526202,1.23300407747898,2.37808172027712,25,NaN,0.2313433
708_F.JPG,NaN,NaN,NaN,NaN,3.00218282409353,20.5883179218874,1.39496132999785,3.17605430571836,25,NaN,0.2356622
710_AS.JPG,NaN,NaN,NaN,NaN,9.67766312140404,198.954266989872,8.27813630932115,13.3493158359536,25,NaN,0.2321481
712_F.JPG,NaN,NaN,NaN,NaN,3.46128054532284,26.1894411821017,2.9282137418544,3.97910037829551,25,NaN,0.2464669
715_AS.JPG,NaN,NaN,NaN,NaN,3.95182445450869,28.6246379101993,2.40232462260581,4.78770564709751,22,NaN,0.2362178
717_F.JPG,NaN,NaN,NaN,NaN,5.10323099142354,53.08055092557,4.19232927657654,6.63600303317759,25,NaN,0.2341237
71_AS.JPG,NaN,NaN,NaN,NaN,3.77488781985207,54.2083364566836,3.63887331348545,6.90659778019087,25,NaN,0.2339305
721_F.JPG,NaN,NaN,NaN,NaN,3.28019164194964,35.0560178644496,1.87399271115641,3.3653681802612,25,NaN,0.2389925
724_AS.JPG,NaN,NaN,NaN,NaN,2.58803177333741,17.3681592063555,2.04348060540032,3.46880974598979,25,NaN,0.2152061
726_F.JPG,NaN,NaN,NaN,NaN,3.06513668891185,21.1540593925151,1.48574254713673,3.05102547667389,25,NaN,0.2368457
729_AS.JPG,NaN,NaN,NaN,NaN,1.42630356174027,4.29178219083965,0.683709496978321,1.5301178818175,25,NaN,0.2392449
730_F.JPG,NaN,NaN,NaN,NaN,13.9636011147594,144.281485877603,5.57806445932628,14.7120994121704,24,NaN,0.2309076
733_AS.JPG,NaN,NaN,NaN,NaN,2.5704835769403,19.6120154370693,1.96331726545162,3.8482559322636,25,NaN,0.2377811
735_F.JPG,NaN,NaN,NaN,NaN,13.6945973650998,639.196238228948,10.5062859656624,21.8687496062106,24,NaN,0.2078861
738_AS.JPG,NaN,NaN,NaN,NaN,5.30218260163238,44.5116410647434,3.94181940312939,6.7983622034447,25,NaN,0.2328441
73_F.JPG,NaN,NaN,NaN,NaN,3.99346474309261,35.6419633133264,2.95722006957157,4.67388414590029,25,NaN,0.2365919
742_AS.JPG,NaN,NaN,NaN,NaN,2.60498779534569,14.8205509924137,1.95389282856419,3.04894296427165,25,NaN,0.240123
744_F.JPG,NaN,NaN,NaN,NaN,4.06359344341307,43.3492257353879,2.56264170161633,4.75723834326834,24,NaN,0.2287633
747_AS.JPG,NaN,NaN,NaN,NaN,1.73186452351349,6.88874681955407,0.672788495971835,1.71982792301577,24,NaN,0.2351616
749_F.JPG,NaN,NaN,NaN,NaN,4.92139161440779,41.1685553983668,3.4940299813057,5.52326647503256,24,NaN,0.2302077
751_AS.JPG,NaN,NaN,NaN,NaN,3.27624182299235,16.3323529594321,2.67884817361304,4.08941324654856,25,NaN,0.2440783
753_F.JPG,NaN,NaN,NaN,NaN,7.62545115100633,112.907156522582,6.02009023990893,10.0819219257885,25,NaN,0.2421128
756_AS.JPG,NaN,NaN,NaN,NaN,2.3137285461141,10.1310694653795,1.67985471611891,2.30418522275742,25,NaN,0.2444166
758_F.JPG,NaN,NaN,NaN,NaN,4.70389274379654,45.3652047159168,2.72166391448534,5.99115838988395,25,NaN,0.2491673
760_AS.JPG,NaN,NaN,NaN,NaN,2.33470040683584,7.58532046051473,1.43933913187407,2.58846025749565,25,NaN,0.2391412
762_F.JPG,NaN,NaN,NaN,NaN,4.01592960291829,43.1522412445528,3.73946846019747,4.86677860299255,25,NaN,0.2389059
765_AS.JPG,NaN,NaN,NaN,NaN,8.17261177377428,107.357530107107,5.23789155178042,10.3774377809689,25,NaN,0.2434866
767_F.JPG,NaN,NaN,NaN,NaN,3.54988206261727,31.0507257552022,2.41142590056868,3.87650164344076,25,NaN,0.2380205
76_AS.JPG,NaN,NaN,NaN,NaN,5.44726572914602,38.3408951036531,3.99588052136779,6.35349191005394,25,NaN,0.2387517
771_F.JPG,NaN,NaN,NaN,NaN,4.2457761948334,34.5824428403023,2.21519729101436,4.74065333972533,25,NaN,0.2440659
774_AS.JPG,NaN,NaN,NaN,NaN,1.89872247628175,5.19201514104732,1.10716085461504,1.90615132579691,25,NaN,0.2353087
776_F.JPG,NaN,NaN,NaN,NaN,6.73076701564887,88.5305387265993,3.7810062723556,7.38703166369744,24,NaN,0.2405528
779_AS.JPG,NaN,NaN,NaN,NaN,4.92580890907695,52.1060560847081,4.173158549335,7.10976081112155,25,NaN,0.2427768
780_F.JPG,NaN,NaN,NaN,NaN,3.985696018405,25.8733078404289,2.06617279012066,3.98382509242252,25,NaN,0.2452476
783_AS.JPG,NaN,NaN,NaN,NaN,1.19251909709103,2.93916318403162,0.836329451191335,1.3097134481775,25,NaN,0.2415387
785_F.JPG,NaN,NaN,NaN,NaN,3.43169651651944,26.036370598523,2.80894288368667,4.62768499388589,25,NaN,0.232576
788_AS.JPG,NaN,NaN,NaN,NaN,3.1311355397149,16.08064498417,2.45226781135043,3.89935327707249,25,NaN,0.2431454
78_F.JPG,NaN,NaN,NaN,NaN,7.39540930879165,79.109924901131,4.25556688015298,7.42027468317524,25,NaN,0.2466317
792_AS.JPG,NaN,NaN,NaN,NaN,4.63039233823734,47.1733939255333,3.50811850269343,6.57345582312235,25,NaN,0.241099
794_F.JPG,NaN,NaN,NaN,NaN,5.10566158501656,87.918410610192,3.79099883058931,6.47931420787223,25,NaN,0.2417953
797_AS.JPG,NaN,NaN,NaN,NaN,8.02929112453188,133.599565802585,7.70858936610164,11.5778828671122,25,NaN,0.2371028
799_F.JPG,NaN,NaN,NaN,NaN,5.92421594067185,69.1271576780226,3.56536199645075,6.66108086643492,25,NaN,0.241285
800_AS.JPG,NaN,NaN,NaN,NaN,1.70400151855819,3.57099777076344,1.31456084413339,1.62165139312915,25,NaN,0.2354443
802_F.JPG,NaN,NaN,NaN,NaN,3.14592344700338,25.3110217103482,1.89636863773233,3.37805641370876,25,NaN,0.234549
805_AS.JPG,NaN,NaN,NaN,NaN,2.41189416384378,9.3215973346562,1.51746809984779,2.65984400691468,25,NaN,0.2352573
807_F.JPG,NaN,NaN,NaN,NaN,4.92822086548636,50.3186480962205,3.71099745155666,6.75774878162524,25,NaN,0.2363643
80_AS.JPG,NaN,NaN,NaN,NaN,11.9014452026852,62.5734896074796,4.29407067230989,10.4558071833298,25,NaN,0.2432432
811_F.JPG,NaN,NaN,NaN,NaN,3.60324367074277,37.431463986299,3.71283251133018,5.50324034389232,25,NaN,0.2465958
814_AS.JPG,NaN,NaN,NaN,NaN,7.82471332575221,160.71059219199,8.11487909473033,11.9065190042145,25,NaN,0.2441688
816_F.JPG,NaN,NaN,NaN,NaN,17.269621044007,1277.31025014336,17.9982591310392,34.5631834364515,25,NaN,0.2610116
819_AS.JPG,NaN,NaN,NaN,NaN,1.47455897837158,3.86694623238013,0.66345670026058,1.3808349863323,23,NaN,0.2426682
820_F.JPG,NaN,NaN,NaN,NaN,2.00698009827729,7.54624364806041,1.30401403184955,2.44060426257085,25,NaN,0.2440039
823_AS.JPG,NaN,NaN,NaN,NaN,6.34044399779759,71.7742331001285,4.58717152607443,7.49904578390191,25,NaN,0.254263
825_F.JPG,NaN,NaN,NaN,NaN,5.28608652340405,75.657736510827,4.75498441615281,7.21438312272997,25,NaN,0.2390017
828_AS.JPG,NaN,NaN,NaN,NaN,1.79019047210253,6.01910058015535,0.99349166947925,1.82064681624011,25,NaN,0.2389325
82_F.JPG,NaN,NaN,NaN,NaN,4.97368129135442,45.5271153755254,2.96913712327812,5.2685261781772,25,NaN,0.247412
832_AS.JPG,NaN,NaN,NaN,NaN,2.10286064521679,5.91849846187929,1.02494342997312,1.86265383571291,23,NaN,0.2412789
834_F.JPG,NaN,NaN,NaN,NaN,5.99562994739757,99.1473053166027,5.57457339039932,7.74324287512909,25,NaN,0.2437758
837_AS.JPG,NaN,NaN,NaN,NaN,3.28259356033561,10.1458524215792,1.83037510612149,2.96209904805242,25,NaN,0.2414619
839_F.JPG,NaN,NaN,NaN,NaN,8.57446179262213,179.850490274484,6.92156549889478,13.4773806781669,25,NaN,0.2604305
841_AS.JPG,NaN,NaN,NaN,NaN,1.41344231384345,5.59789900780113,0.908334969959329,1.66098087212593,25,NaN,0.2425226
843_F.JPG,NaN,NaN,NaN,NaN,3.11559902873438,22.2762219381897,2.75645789010102,3.53339951931337,25,NaN,0.2440629
846_AS.JPG,NaN,NaN,NaN,NaN,2.46227974687963,13.3060561801991,1.57062581238597,2.86467168032137,25,NaN,0.2392539
848_F.JPG,NaN,NaN,NaN,NaN,2.88196684232627,20.9203982546162,1.58618031056045,3.0437658787997,25,NaN,0.2406418
850_AS.JPG,NaN,NaN,NaN,NaN,3.8167213679963,21.8034819825261,1.87127262968626,3.12084096828957,13,NaN,0.2446122
852_F.JPG,NaN,NaN,NaN,NaN,8.04104864624797,143.692950713771,6.93549453776109,10.7685520388338,18,NaN,0.2394739
855_AS.JPG,NaN,NaN,NaN,NaN,6.72371107460045,167.072092335943,4.75477643674976,8.6579427063715,25,NaN,0.230981
857_F.JPG,NaN,NaN,NaN,NaN,7.42557796018559,92.1347840638949,5.65393888856918,9.281979436493,25,NaN,0.2372544
85_AS.JPG,NaN,NaN,NaN,NaN,7.00147277894294,79.3714168806062,5.89455978742195,8.37266208859601,25,NaN,0.2338234
861_F.JPG,NaN,NaN,NaN,NaN,3.10474456133548,29.489377346392,1.70240069028945,3.31746082189836,25,NaN,0.23547
864_AS.JPG,NaN,NaN,NaN,NaN,7.00944039232734,83.245017400841,5.0119571133975,9.0167917295304,25,NaN,0.2468567
866_F.JPG,NaN,NaN,NaN,NaN,3.83757545404726,33.4235974406512,2.7290765480756,4.85511865707269,25,NaN,0.2379436
869_AS.JPG,NaN,NaN,NaN,NaN,9.07789212934768,239.124431888444,8.5667447188885,17.3071166484991,25,NaN,0.2473041
870_F.JPG,NaN,NaN,NaN,NaN,2.95859954499619,21.8594950724275,2.73102524411168,4.12040238439365,25,NaN,0.2355782
873_AS.JPG,NaN,NaN,NaN,NaN,2.47739556885676,9.56931760724471,1.29337914945546,2.29123344631275,25,NaN,0.2365283
875_F.JPG,NaN,NaN,NaN,NaN,5.66869292303914,60.9515846486816,3.91869343119913,6.40111286184472,25,NaN,0.2329279
878_AS.JPG,NaN,NaN,NaN,NaN,3.09674273354262,16.8867687242264,2.03884914048606,3.93625656279775,25,NaN,0.2457158
87_F.JPG,NaN,NaN,NaN,NaN,4.90321529559338,58.0370972847622,3.15390823722225,6.09149795160584,25,NaN,0.2491556
882_AS.JPG,NaN,NaN,NaN,NaN,4.9128092586464,54.9044985315877,4.39241167932021,6.61717449769648,25,NaN,0.2400398
884_F.JPG,NaN,NaN,NaN,NaN,4.19210205093644,42.8696099528322,4.9007065764147,6.25238623937108,25,NaN,0.2335134
887_AS.JPG,NaN,NaN,NaN,NaN,5.18940512320131,64.1521729685133,3.89941302201367,7.58737627956759,25,NaN,0.2407831
889_F.JPG,NaN,NaN,NaN,NaN,3.02044122743151,30.8681284105195,2.00016597142418,3.67548354760164,25,NaN,0.2411948
891_AS.JPG,NaN,NaN,NaN,NaN,3.38028335096388,20.7803788985977,1.9387195624854,3.57934532068184,25,NaN,0.2422032
893_F.JPG,NaN,NaN,NaN,NaN,3.25154957997808,30.0963656616402,2.34221845846793,3.77138154702051,25,NaN,0.2376433
896_AS.JPG,NaN,NaN,NaN,NaN,4.45076658998677,32.2838411622396,3.1216144005531,4.96648955533644,25,NaN,0.2383131
898_F.JPG,NaN,NaN,NaN,NaN,3.02702510374574,21.2045521497642,2.17211109558164,3.88276594428017,25,NaN,0.231307
8_AS.JPG,NaN,NaN,NaN,NaN,3.7530892182609,23.0115329212262,3.30395482686274,4.45290137021897,25,NaN,0.2360087
901_F.JPG,NaN,NaN,NaN,NaN,4.31597278294402,54.5600110578537,3.29952558910469,5.61952996960459,25,NaN,0.2409144
904_AS.JPG,NaN,NaN,NaN,NaN,4.02571059390985,29.9231770416804,2.72996496418064,4.71828447087895,25,NaN,0.2456693
906_F.JPG,NaN,NaN,NaN,NaN,5.10884809534864,38.5624422578075,2.7952107922119,5.19880379031515,25,NaN,0.2369515
909_AS.JPG,NaN,NaN,NaN,NaN,3.89793603430032,18.7031286182123,2.12788914255887,4.43326889025003,25,NaN,0.234082
910_F.JPG,NaN,NaN,NaN,NaN,5.20375158250267,71.3311664841993,6.38532690401078,7.12161965976448,25,NaN,0.2403915
913_AS.JPG,NaN,NaN,NaN,NaN,1.40423262326348,2.91234263685884,0.612521135757711,1.48505140978438,25,NaN,0.2423866
915_F.JPG,NaN,NaN,NaN,NaN,2.43862676633234,9.09788492288388,2.03430663090365,2.70875324029515,25,NaN,0.252501
918_AS.JPG,NaN,NaN,NaN,NaN,3.03394934105038,22.9701662354454,2.54880160258306,4.15014659256955,25,NaN,0.2452956
91_F.JPG,NaN,NaN,NaN,NaN,5.49057965273808,123.161077500944,4.22232008616189,6.41324443862015,25,NaN,0.240545
922_AS.JPG,NaN,NaN,NaN,NaN,4.31999376393844,34.9933824761667,3.04860543394216,5.38876176201442,25,NaN,0.2348559
924_F.JPG,NaN,NaN,NaN,NaN,6.12622941294563,89.3350458046284,5.53725691492946,7.43883670692767,25,NaN,0.2391824
927_AS.JPG,NaN,NaN,NaN,NaN,5.48358313311935,71.0241749700039,4.09194548658169,7.69393620205238,25,NaN,0.2413856
929_F.JPG,NaN,NaN,NaN,NaN,8.11690666564144,126.582859658362,6.72151698512821,12.8712808773152,25,NaN,0.2399545
931_AS.JPG,NaN,NaN,NaN,NaN,1.68427917787358,6.0611882227174,1.15730496800955,1.82560853956021,25,NaN,0.2406093
933_F.JPG,NaN,NaN,NaN,NaN,4.65058164818873,35.3392708023485,2.38904700063619,4.70458481699953,24,NaN,0.2336892
936_AS.JPG,NaN,NaN,NaN,NaN,3.33450245942622,13.1927747716692,1.82805671972061,3.66786792019185,25,NaN,0.238995
938_F.JPG,NaN,NaN,NaN,NaN,4.3299589422221,42.6839659689301,2.85074239688661,5.25205116944183,25,NaN,0.240157
940_AS.JPG,NaN,NaN,NaN,NaN,2.48654665084629,12.4321687096163,2.0962970423847,2.68171751625032,15,NaN,0.2412392
942_F.JPG,NaN,NaN,NaN,NaN,4.50796033597294,35.3282086515769,2.47795485372268,5.15245640642635,25,NaN,0.2387349
945_AS.JPG,NaN,NaN,NaN,NaN,2.34815580036113,8.50708137119295,1.94489200377549,2.71283889198617,25,NaN,0.2390889
947_F.JPG,NaN,NaN,NaN,NaN,6.26843568818429,107.325810396006,4.46195347903278,7.78527363567755,25,NaN,0.2626847
94_AS.JPG,NaN,NaN,NaN,NaN,2.08295372007004,6.04137671233204,1.39767928409305,2.18672274299727,25,NaN,0.2551992
951_F.JPG,NaN,NaN,NaN,NaN,4.922801565896,55.3596371152371,2.64505907326959,4.95459162607472,25,NaN,0.2461892
954_AS.JPG,NaN,NaN,NaN,NaN,2.32057309408938,20.777314116095,1.91027315990794,3.84157988631859,25,NaN,0.2443563
956_F.JPG,NaN,NaN,NaN,NaN,5.90353810390768,100.106705900721,3.72638372198112,7.92565253701378,25,NaN,0.2495091
959_AS.JPG,NaN,NaN,NaN,NaN,3.64741947947252,6.7416802303624,1.38527010782077,3.10526513248098,25,NaN,0.2458414
960_F.JPG,NaN,NaN,NaN,NaN,1.33332878935666,3.05603648518768,0.777227775084082,1.34263987102502,25,NaN,0.2373438
963_AS.JPG,NaN,NaN,NaN,NaN,1.30105430255493,2.17877961592579,0.742962253825678,1.26385302410064,25,NaN,0.2607816
965_F.JPG,NaN,NaN,NaN,NaN,3.42162216100384,10.5395497314555,1.65960472453212,3.27295178026318,19,NaN,0.2636555
968_AS.JPG,NaN,NaN,NaN,NaN,2.17646709349034,8.51707832025664,1.32504180597237,2.82860998977523,25,NaN,0.2444089
96_F.JPG,NaN,NaN,NaN,NaN,3.40126318110904,34.9886766814407,1.76466574305561,3.58459435514095,23,NaN,0.2613172
972_AS.JPG,NaN,NaN,NaN,NaN,2.01860513172168,9.61500573661969,1.62192298410728,2.33622605508459,25,NaN,0.2525492
974_F.JPG,NaN,NaN,NaN,NaN,4.24485747481307,32.0819980911356,3.62178474396404,4.79526626311808,25,NaN,0.2514296
977_AS.JPG,NaN,NaN,NaN,NaN,5.34204023463465,46.5264006256568,3.43719078350446,6.5881640763043,25,NaN,0.2567067
979_F.JPG,NaN,NaN,NaN,NaN,4.58232529453727,43.012174620507,2.67121377831461,5.24350012117123,25,NaN,0.262635
981_AS.JPG,NaN,NaN,NaN,NaN,2.41101524138584,5.7638179006407,1.18003701706764,2.40356073386638,25,NaN,0.2696311
983_F.JPG,NaN,NaN,NaN,NaN,4.01685489947012,39.4192425752194,2.86002307702553,5.03699654486496,25,NaN,0.2555096
986_AS.JPG,NaN,NaN,NaN,NaN,2.11527656313144,5.39980061486632,0.87397622378221,2.18551489306708,25,NaN,0.2608149
988_F.JPG,NaN,NaN,NaN,NaN,6.62785456526372,82.3956281371766,3.63411792404557,7.32317096915022,25,NaN,0.2667003
990_AS.JPG,NaN,NaN,NaN,NaN,2.68970686127693,18.2624015309111,2.44561688215588,4.08700166337306,25,NaN,0.2522039
992_F.JPG,NaN,NaN,NaN,NaN,5.44319172335894,66.2396746813825,3.58751286402552,6.4298004034993,25,NaN,0.2501154
995_AS.JPG,NaN,NaN,NaN,NaN,4.94924558690281,40.0239500887827,3.97090266398482,5.61286612494574,25,NaN,0.2600343
997_F.JPG,NaN,NaN,NaN,NaN,4.46375797379681,36.0760308607699,3.20436276728184,5.47368993318749,25,NaN,0.2577458
99_AS.JPG,NaN,NaN,NaN,NaN,2.8979748320261,17.7854881426482,2.13825023003616,3.48169421133907,25,NaN,0.2404283
AVERAGES,NaN,NaN,NaN,NaN,5.04175178517536,103.95562361029,3.78827598100148,6.51244881909369,NaN,NaN,0.244790860029283
